/*Owner & Copyrights: Vance King Saxbe. A.*/Date,Open,High,Low,Close,Volume,Adj Close
2012-07-20,259.05,260.50,258.10,258.35,29900,258.35
2012-07-20,259.05,260.50,258.10,258.35,29900,258.35
2012-07-19,266.40,266.40,259.15,260.00,59800,260.00
2012-07-18,260.00,262.90,257.50,260.00,74800,260.00
2012-07-17,260.80,261.90,258.50,259.90,60300,259.90
2012-07-16,261.45,262.95,258.05,260.75,92500,260.75
2012-07-13,263.05,267.20,260.00,260.05,73200,260.05
2012-07-12,267.00,268.00,259.00,261.85,208300,261.85
2012-07-11,256.00,266.45,256.00,263.15,191400,263.15
2012-07-10,254.40,257.50,254.15,256.25,27000,256.25
2012-07-09,256.00,258.00,252.55,253.60,32200,253.60
2012-07-06,256.65,259.00,255.60,256.30,54300,256.30
2012-07-05,259.50,262.50,255.50,258.00,184400,258.00
2012-07-04,253.50,260.00,250.35,258.00,105200,258.00
2012-07-03,250.25,254.90,249.50,250.65,79600,250.65
2012-07-02,241.20,254.10,241.20,252.60,68800,252.60
2012-06-29,248.00,254.90,243.00,248.95,67400,248.95
2012-06-28,245.30,247.90,240.50,243.25,273300,243.25
2012-06-27,249.80,250.05,245.10,245.90,274800,245.90
2012-06-26,246.85,251.40,246.00,246.70,41300,246.70
2012-06-25,253.00,256.00,246.75,249.05,27800,249.05
2012-06-22,248.00,254.50,247.00,250.10,100200,250.10
2012-06-21,246.00,252.10,245.00,250.85,28100,250.85
2012-06-20,246.50,249.95,245.40,248.20,219200,248.20
2012-06-19,251.55,251.55,246.20,247.05,55400,247.05
2012-06-18,260.35,260.35,250.50,251.20,45400,251.20
2012-06-15,254.15,259.80,254.15,256.65,70800,256.65
2012-06-14,257.95,262.80,251.75,254.00,123900,254.00
2012-06-13,261.55,261.60,256.00,259.35,48000,259.35
2012-06-12,259.00,261.80,255.80,259.95,133100,259.95
2012-06-11,255.00,262.00,253.25,258.55,146200,258.55
2012-06-08,247.50,253.40,244.25,252.80,85900,252.80
2012-06-07,241.05,250.00,240.00,246.30,83800,246.30
2012-06-06,239.50,242.80,235.95,239.50,482500,239.50
2012-06-05,234.00,237.90,233.30,235.00,230900,235.00
2012-06-01,246.70,246.85,238.00,238.00,603600,238.00
2012-05-31,248.00,248.00,242.05,246.80,104000,246.80
2012-05-30,245.60,249.60,245.00,245.50,30800,245.50
2012-05-29,250.55,255.00,245.60,247.00,62400,247.00
2012-05-28,242.00,254.00,242.00,252.90,84700,252.90
2012-05-25,244.00,248.00,242.00,243.10,52400,243.10
2012-05-24,241.15,246.00,241.00,242.45,28100,242.45
2012-05-23,245.00,246.90,238.90,240.10,37400,240.10
2012-05-22,251.00,252.90,242.00,242.15,41300,242.15
2012-05-21,248.00,252.00,245.05,248.05,91600,248.05
2012-05-18,238.90,247.00,235.85,245.50,178300,245.50
2012-05-17,239.30,245.00,237.65,241.00,101700,241.00
2012-05-16,237.55,243.80,236.55,240.00,104700,240.00
2012-05-14,240.25,244.75,240.00,244.00,72200,244.00
2012-05-11,243.35,244.95,237.25,242.90,186800,242.90
2012-05-10,244.30,245.65,240.30,241.90,52900,241.90
2012-05-09,241.05,245.90,239.35,244.90,98600,244.90
2012-05-08,248.20,255.00,242.50,243.00,59200,243.00
2012-05-07,247.95,253.00,244.35,250.05,94300,250.05
2012-05-04,257.80,259.60,248.00,248.25,185200,248.25
2012-05-03,256.00,256.00,248.00,252.50,240800,252.50
2012-05-02,256.00,259.80,251.30,251.55,93900,251.55
2012-04-30,256.50,262.75,252.50,254.00,152300,254.00
2012-04-27,264.80,264.80,251.85,255.50,141800,255.50
2012-04-26,258.15,263.85,255.00,260.00,183400,260.00
2012-04-25,256.10,265.85,250.65,261.90,239100,261.90
2012-04-24,256.85,262.10,251.05,255.00,117000,255.00
2012-04-23,255.30,258.90,247.55,253.00,104300,253.00
2012-04-20,263.00,266.70,253.00,255.00,156700,255.00
2012-04-19,248.95,266.90,247.15,264.50,240300,264.50
2012-04-18,245.20,248.00,244.00,247.40,123000,247.40
2012-04-17,241.15,245.00,238.00,242.15,51600,242.15
2012-04-16,247.00,249.90,239.95,241.80,108200,241.80
2012-04-13,242.95,250.45,241.65,250.45,41500,250.45
2012-04-12,240.50,243.95,240.50,241.00,43600,241.00
2012-04-11,243.00,247.00,239.05,241.50,39700,241.50
2012-04-10,243.75,247.50,242.40,246.50,20500,246.50
2012-04-09,251.80,252.05,241.00,243.60,51800,243.60
2012-04-04,256.80,256.80,249.00,253.00,39000,253.00
2012-04-03,255.80,257.00,253.30,255.65,83900,255.65
2012-04-02,245.00,253.65,243.55,253.00,65400,253.00
2012-03-30,241.05,246.00,241.00,246.00,49400,246.00
2012-03-29,240.25,243.10,237.20,240.00,49200,240.00
2012-03-28,244.20,248.00,237.95,241.00,208600,241.00
2012-03-27,241.40,246.70,237.20,239.00,233600,239.00
2012-03-26,252.10,254.50,238.20,240.50,106700,240.50
2012-03-23,244.30,256.00,241.15,253.40,91400,253.40
2012-03-21,236.15,245.70,236.10,244.40,52200,244.40
2012-03-20,237.80,242.00,235.20,237.00,97300,237.00
2012-03-19,243.15,247.50,235.00,238.00,147100,238.00
2012-03-16,259.80,259.80,238.25,241.15,155300,241.15
2012-03-15,256.85,257.85,245.60,246.00,124400,246.00
2012-03-14,260.00,264.95,255.00,260.00,276000,260.00
2012-03-13,259.65,262.80,254.15,259.00,181400,259.00
2012-03-12,248.45,259.00,248.45,256.00,285400,256.00
2012-03-09,235.00,249.00,235.00,249.00,154500,249.00
2012-03-07,234.30,236.95,233.00,235.00,49500,235.00
2012-03-06,235.00,238.90,233.05,236.80,84800,236.80
2012-03-05,236.50,239.80,232.00,233.70,106100,233.70
2012-03-02,234.05,239.90,230.15,238.00,140100,238.00
2012-03-01,235.55,242.95,234.15,235.00,71900,235.00
2012-02-29,238.95,245.00,233.95,241.10,157800,241.10
2012-02-28,229.10,239.80,225.25,232.70,90000,232.70
2012-02-27,230.55,238.00,224.00,228.00,100200,228.00
2012-02-24,240.05,253.80,235.10,236.00,118800,236.00
2012-02-23,246.15,252.75,238.35,243.60,157500,243.60
2012-02-22,263.60,265.75,247.15,250.95,261200,250.95
2012-02-21,273.45,274.90,263.40,263.40,117100,260.40
2012-02-17,274.00,285.40,267.25,270.00,571300,266.92
2012-02-16,260.20,276.80,256.35,269.00,655300,265.94
2012-02-15,261.80,264.00,258.35,263.30,114900,260.30
2012-02-14,256.50,264.50,253.00,258.00,201300,255.06
2012-02-13,257.30,259.25,252.50,256.70,191600,253.78
2012-02-10,251.10,257.40,248.55,252.35,133100,249.48
2012-02-09,253.50,256.20,248.65,254.40,83200,251.50
2012-02-08,249.80,254.00,247.25,254.00,280000,251.11
2012-02-07,245.00,252.00,242.00,248.00,185100,245.18
2012-02-06,247.55,249.00,240.15,246.50,385500,243.69
2012-02-03,240.50,247.60,238.25,246.95,573500,244.14
2012-02-02,234.50,240.75,233.50,239.05,1046400,236.33
2012-02-01,230.70,237.70,229.00,232.50,359800,229.85
2012-01-31,234.80,238.70,229.15,232.00,166000,229.36
2012-01-30,232.90,235.50,231.05,235.00,275700,232.32
2012-01-27,253.90,253.90,231.00,232.50,202600,229.85
2012-01-25,230.00,255.00,226.80,253.00,368000,250.12
2012-01-24,218.50,230.00,216.10,229.10,130400,226.49
2012-01-23,225.60,229.95,219.50,222.90,31500,220.36
2012-01-20,229.40,236.00,224.50,227.35,73100,224.76
2012-01-19,227.00,228.00,222.05,225.00,65800,222.44
2012-01-18,225.50,229.95,224.10,225.00,79500,222.44
2012-01-17,229.00,232.55,225.50,227.00,122200,224.41
2012-01-16,220.05,229.00,218.40,228.00,81000,225.40
2012-01-13,223.95,227.50,223.95,227.00,66000,224.41
2012-01-12,223.80,229.50,223.15,224.80,449600,222.24
2012-01-11,230.45,230.45,215.05,222.60,54900,220.06
2012-01-10,210.50,217.50,210.50,217.00,61700,214.53
2012-01-06,202.00,209.90,200.55,207.70,37400,205.33
2012-01-05,212.80,212.80,204.15,204.50,389000,202.17
2012-01-04,214.00,214.00,205.00,208.20,248200,205.83
2012-01-03,199.00,214.00,199.00,209.00,170600,206.62
2012-01-02,193.00,198.40,187.00,198.00,50400,195.74
2011-12-30,185.90,194.35,185.90,188.50,46400,186.35
2011-12-29,188.30,191.65,182.55,188.00,57800,185.86
2011-12-28,196.50,196.50,187.35,187.75,54400,185.61
2011-12-27,199.90,201.50,191.00,191.60,30200,189.42
2011-12-26,201.95,201.95,195.00,198.30,45500,196.04
2011-12-23,202.00,204.55,196.55,198.50,27200,196.24
2011-12-22,196.55,202.95,194.50,200.05,58300,197.77
2011-12-21,198.00,202.25,192.20,199.50,32100,197.23
2011-12-20,197.05,201.05,190.50,194.05,103500,191.84
2011-12-19,205.85,207.00,198.00,198.20,136400,195.94
2011-12-16,223.30,229.00,201.70,204.00,329100,201.68
2011-12-15,221.60,224.90,220.00,224.90,76500,222.34
2011-12-14,227.00,227.80,220.15,223.05,71000,220.51
2011-12-13,215.10,226.05,211.20,226.00,35300,223.43
2011-12-12,213.00,221.00,211.55,215.10,62500,212.65
2011-12-09,210.00,220.45,210.00,216.00,223900,213.54
2011-12-08,218.55,224.30,213.05,214.15,219900,211.71
2011-12-07,226.50,230.50,217.50,217.50,86900,215.02
2011-12-05,222.60,228.95,222.60,227.05,22100,224.46
2011-12-02,220.25,227.00,220.25,227.00,45500,224.41
2011-12-01,219.00,225.00,219.00,223.00,88100,220.46
2011-11-30,217.00,218.00,212.30,217.25,15300,214.78
2011-11-29,213.50,223.65,210.75,216.10,59400,213.64
2011-11-28,213.95,216.35,211.05,215.30,114400,212.85
2011-11-25,212.00,216.50,209.00,209.00,31300,206.62
2011-11-24,207.00,221.00,205.00,219.50,76100,217.00
2011-11-23,205.95,208.95,204.00,208.00,282000,205.63
2011-11-22,203.00,210.50,200.45,206.05,56400,203.70
2011-11-21,200.15,204.85,200.00,203.10,109900,200.79
2011-11-18,210.00,211.90,201.00,206.00,219400,203.65
2011-11-17,221.95,224.95,213.00,213.00,40500,210.57
2011-11-16,221.50,223.50,217.10,220.45,85300,217.94
2011-11-15,224.90,224.90,219.00,222.20,122800,219.67
2011-11-14,230.00,230.00,222.00,222.30,117300,219.77
2011-11-11,229.00,232.00,226.00,229.50,76600,226.89
2011-11-09,231.10,236.75,228.40,231.00,74600,228.37
2011-11-08,231.65,232.85,228.40,231.20,17100,228.57
2011-11-04,228.20,232.25,228.20,231.00,29600,228.37
2011-11-03,234.90,234.90,226.70,228.00,39800,225.40
2011-11-02,229.50,234.00,229.30,233.40,29600,230.74
2011-11-01,236.00,236.00,230.20,234.00,23900,231.33
2011-10-31,241.75,241.75,233.05,233.05,71700,230.40
2011-10-28,237.00,245.00,236.00,236.00,179500,233.31
2011-10-26,235.00,236.55,233.05,235.70,12000,233.02
2011-10-25,231.10,234.50,228.15,231.00,152100,228.37
2011-10-24,236.00,236.50,229.10,230.05,76800,227.43
2011-10-21,233.00,238.00,232.15,233.00,17500,230.35
2011-10-20,237.00,242.95,234.35,235.00,32400,232.32
2011-10-19,233.60,243.00,233.60,242.00,84600,239.24
2011-10-18,240.00,241.00,231.00,233.50,140500,230.84
2011-10-17,248.95,249.65,240.25,241.55,557600,238.80
2011-10-14,244.70,247.80,244.00,247.80,42900,244.98
2011-10-13,246.00,248.40,242.35,244.05,558300,241.27
2011-10-12,243.05,245.85,241.00,244.00,189300,241.22
2011-10-11,244.00,246.05,239.35,242.00,116200,239.24
2011-10-10,240.05,242.50,240.00,240.25,24900,237.51
2011-10-07,234.05,242.65,231.00,239.75,219200,237.02
2011-10-05,226.05,234.75,226.05,229.00,697100,226.39
2011-10-04,235.05,236.90,228.75,228.80,39800,226.19
2011-10-03,247.95,247.95,233.20,234.95,57800,232.27
2011-09-30,245.00,252.50,242.00,250.00,38700,247.15
2011-09-29,243.00,249.00,236.95,249.00,60800,246.16
2011-09-28,237.00,249.70,237.00,240.10,29200,237.37
2011-09-27,252.10,253.80,245.25,250.00,513500,247.15
2011-09-26,251.55,253.95,241.80,250.00,182400,247.15
2011-09-23,252.50,254.80,248.05,250.50,121900,247.65
2011-09-22,258.00,259.05,251.10,255.00,169200,252.10
2011-09-21,254.50,264.50,253.00,260.30,128000,257.34
2011-09-20,253.50,255.95,251.35,254.45,80000,251.55
2011-09-19,255.00,255.00,248.10,252.95,59700,250.07
2011-09-16,246.00,254.90,242.85,252.40,139300,249.53
2011-09-15,246.50,248.95,240.15,245.00,337300,242.21
2011-09-14,245.00,249.70,242.25,247.00,272700,244.19
2011-09-13,244.70,251.35,226.00,243.45,512600,240.68
2011-09-12,244.95,245.05,238.05,242.00,268100,239.24
2011-09-09,248.00,248.00,237.40,246.30,450900,243.49
2011-09-08,245.85,246.90,243.75,246.90,97200,244.09
2011-09-07,244.90,247.50,237.30,244.75,345900,241.96
2011-09-06,240.60,245.95,239.05,241.50,28900,238.75
2011-09-05,241.00,245.65,236.10,245.30,48000,242.51
2011-09-02,240.95,244.90,235.75,241.50,51300,238.75
2011-08-30,232.65,242.00,226.05,241.00,108200,238.26
2011-08-29,221.50,227.85,219.85,227.15,146300,224.56
2011-08-26,224.00,224.00,218.40,218.40,135400,215.91
2011-08-25,235.55,235.90,223.00,223.00,818800,220.46
2011-08-24,234.05,238.00,233.00,236.00,226600,233.31
2011-08-23,230.10,234.95,229.60,233.50,60400,230.84
2011-08-22,222.00,230.00,221.00,229.45,76500,226.84
2011-08-19,222.25,228.00,215.60,221.05,845300,218.53
2011-08-18,241.90,241.90,217.60,225.00,531500,222.44
2011-08-17,241.00,242.85,234.25,238.10,200100,235.39
2011-08-16,245.05,245.05,237.25,240.05,457200,237.32
2011-08-12,240.20,241.80,235.25,238.10,120800,235.39
2011-08-11,239.05,242.00,235.00,236.80,253400,234.10
2011-08-10,255.00,255.00,234.05,235.55,240700,232.87
2011-08-09,249.95,253.45,233.00,247.00,229200,244.19
2011-08-08,253.00,258.55,240.10,255.60,153800,252.69
2011-08-05,259.00,261.95,242.60,254.90,272000,252.00
2011-08-04,262.05,266.90,260.15,266.40,148300,263.37
2011-08-03,265.05,265.05,261.00,262.00,53000,259.02
2011-08-02,269.15,272.75,263.85,267.00,68300,263.96
2011-08-01,270.05,273.70,263.00,272.00,86300,268.90
2011-07-29,271.15,274.35,268.00,270.50,115800,267.42
2011-07-28,273.00,280.00,268.25,270.00,115900,266.92
2011-07-27,274.95,281.00,269.05,281.00,136100,277.80
2011-07-26,283.50,283.50,276.00,276.75,106300,269.15
2011-07-25,283.00,286.85,280.90,281.20,142300,273.48
2011-07-22,276.85,284.35,275.20,281.75,203800,274.01
2011-07-21,274.05,277.75,272.45,274.95,46800,267.40
2011-07-20,273.05,280.00,272.10,274.90,37400,267.35
2011-07-19,274.15,278.90,273.70,278.00,59300,270.36
2011-07-18,279.00,283.10,273.65,274.10,70900,266.57
2011-07-15,272.75,281.40,272.00,281.40,228300,273.67
2011-07-14,267.00,274.40,267.00,272.00,115900,264.53
2011-07-13,267.00,274.20,267.00,272.00,278200,264.53
2011-07-12,265.15,271.00,265.15,267.00,74000,259.67
2011-07-11,273.60,275.45,269.05,272.00,151500,264.53
2011-07-08,280.90,280.90,274.00,274.30,113000,266.77
2011-07-07,282.95,285.90,279.20,280.00,395600,272.31
2011-07-06,289.05,291.00,281.15,282.00,88900,274.26
2011-07-05,293.95,294.70,285.00,287.00,110900,279.12
2011-07-04,286.00,293.55,281.00,292.25,52200,284.22
2011-07-01,290.00,296.90,286.00,286.00,102800,278.15
2011-06-30,286.90,293.50,278.60,292.05,167100,284.03
2011-06-29,281.75,287.00,280.00,283.55,52500,275.76
2011-06-28,285.00,285.00,277.05,280.50,64500,272.80
2011-06-27,284.40,284.40,272.15,281.65,32500,273.91
2011-06-24,268.00,278.00,264.30,273.75,132700,266.23
2011-06-23,263.25,266.00,262.05,265.00,94800,257.72
2011-06-22,260.40,267.80,259.60,263.50,152000,256.26
2011-06-21,269.50,269.50,260.00,260.40,92700,253.25
2011-06-20,278.80,279.00,265.00,265.00,144500,257.72
2011-06-17,286.25,287.70,277.05,277.60,54100,269.98
2011-06-16,285.05,286.50,282.30,285.15,74300,277.32
2011-06-15,286.85,286.85,283.25,285.95,68400,278.10
2011-06-14,290.95,290.95,282.15,285.35,70600,277.51
2011-06-13,284.00,285.95,281.20,284.20,77000,276.39
2011-06-10,290.95,290.95,280.00,284.50,257800,276.69
2011-06-09,294.65,294.70,287.10,288.00,109600,280.09
2011-06-08,293.40,296.50,291.65,293.10,339400,285.05
2011-06-07,292.00,294.45,291.35,293.00,91500,284.95
2011-06-06,298.00,298.50,291.35,292.00,66000,283.98
2011-06-03,294.10,305.40,293.55,297.30,403100,289.13
2011-06-02,285.80,294.50,284.00,293.10,149200,285.05
2011-06-01,290.05,291.40,287.25,287.60,116600,279.70
2011-05-31,286.00,292.00,283.35,290.05,144600,282.08
2011-05-30,282.90,288.00,276.85,287.15,106800,279.26
2011-05-27,271.05,280.75,270.05,280.75,50000,273.04
2011-05-26,276.00,281.00,270.65,274.00,203100,266.47
2011-05-25,277.00,279.60,274.00,277.95,67800,270.32
2011-05-24,275.35,283.00,273.00,279.00,62600,271.34
2011-05-23,280.40,281.00,275.50,277.20,27400,269.59
2011-05-20,282.00,287.80,279.40,280.95,62600,273.23
2011-05-19,286.00,289.50,278.25,278.30,40100,270.66
2011-05-18,287.85,287.85,280.65,284.70,108300,276.88
2011-05-17,289.70,297.80,284.10,284.55,257900,276.73
2011-05-16,285.00,291.00,283.95,288.00,106000,280.09
2011-05-13,283.95,286.50,279.10,284.05,90900,276.25
2011-05-12,280.00,284.95,279.60,281.50,90500,273.77
2011-05-11,276.40,283.90,272.65,281.00,213000,273.28
2011-05-10,261.15,274.95,261.15,274.95,105300,267.40
2011-05-09,285.00,285.05,268.15,270.15,269900,262.73
2011-05-06,286.45,291.75,282.35,283.00,109500,275.23
2011-05-05,282.10,289.00,282.00,287.00,156700,279.12
2011-05-04,285.40,286.50,278.50,283.80,161300,276.01
2011-05-03,278.00,286.60,272.00,285.85,192200,278.00
2011-05-02,285.00,290.00,280.00,282.00,66800,274.26
2011-04-29,281.60,287.90,280.10,285.00,123000,277.17
2011-04-28,295.00,295.00,282.10,286.00,223000,278.15
2011-04-27,291.00,292.90,287.35,288.95,63400,281.01
2011-04-26,290.10,291.95,286.10,290.00,117600,282.04
2011-04-25,290.10,294.80,285.50,290.00,506000,282.04
2011-04-21,283.00,291.30,283.00,289.50,861000,281.55
2011-04-20,281.05,284.00,276.30,281.00,308000,273.28
2011-04-19,305.00,305.00,276.30,280.00,338200,272.31
2011-04-18,280.00,288.95,276.15,283.05,400600,275.28
2011-04-15,276.10,283.85,274.05,278.20,140600,270.56
2011-04-13,275.00,281.90,266.85,281.90,131800,274.16
2011-04-11,283.00,285.00,274.00,276.00,195000,268.42
2011-04-08,294.00,295.90,282.00,284.95,852200,277.12
2011-04-07,285.00,295.45,282.10,291.40,304800,283.40
2011-04-06,285.00,287.00,280.25,285.25,264200,277.42
2011-04-05,282.00,287.70,280.10,285.50,438700,277.66
2011-04-04,272.00,281.00,272.00,280.05,590000,272.36
2011-04-01,264.00,272.00,262.10,271.00,290200,263.56
2011-03-31,268.55,269.00,260.85,262.60,373100,255.39
2011-03-30,263.50,269.80,261.00,267.00,359600,259.67
2011-03-29,262.00,265.00,260.60,262.50,150500,255.29
2011-03-28,261.00,265.65,259.65,262.00,289100,254.80
2011-03-25,256.00,262.00,254.05,259.60,180500,252.47
2011-03-24,258.00,261.45,251.75,255.20,192400,248.19
2011-03-23,252.00,258.85,252.00,258.00,84800,250.91
2011-03-22,253.00,255.75,252.00,253.00,57800,246.05
2011-03-21,257.50,259.00,251.05,251.95,96100,245.03
2011-03-18,259.40,261.00,250.70,255.50,160000,248.48
2011-03-17,258.00,260.20,255.30,259.30,87100,252.18
2011-03-16,260.00,262.40,256.30,258.10,256500,251.01
2011-03-15,260.00,262.75,254.80,259.15,84700,252.03
2011-03-14,266.05,267.45,262.60,266.00,99300,258.69
2011-03-11,266.65,272.20,263.15,265.25,272300,257.97
2011-03-10,263.90,266.95,261.45,266.00,88700,258.69
2011-03-09,262.50,268.30,262.50,264.50,368200,257.24
2011-03-08,261.70,265.00,259.40,261.00,333900,253.83
2011-03-07,266.00,266.00,259.10,261.50,209500,254.32
2011-03-04,268.00,272.85,265.25,265.70,298700,258.40
2011-03-03,262.75,269.00,260.40,267.00,307800,259.67
2011-03-01,254.10,265.00,254.10,263.10,174600,255.87
2011-02-28,248.00,259.70,245.00,255.50,326800,248.48
2011-02-25,246.90,248.85,242.00,247.70,577400,240.90
2011-02-24,252.25,254.00,242.20,244.65,417000,237.93
2011-02-23,256.00,261.00,250.50,252.25,594000,245.32
2011-02-22,269.00,270.05,256.00,259.30,335900,252.18
2011-02-21,276.40,277.00,268.65,271.50,218000,264.04
2011-02-18,283.20,291.45,274.25,275.50,536100,267.93
2011-02-17,280.45,286.85,280.00,284.00,152500,276.20
2011-02-16,283.00,284.85,280.00,281.00,155900,273.28
2011-02-15,290.30,295.95,281.00,281.70,322800,273.96
2011-02-14,278.50,291.70,276.00,290.55,275600,282.57
2011-02-11,281.90,281.90,272.00,278.00,118400,270.36
2011-02-10,277.70,281.00,270.25,278.85,308600,271.19
2011-02-09,280.00,288.30,276.25,279.65,122100,271.97
2011-02-08,289.00,290.00,280.15,281.05,84100,273.33
2011-02-07,294.00,296.70,288.20,289.50,53100,281.55
2011-02-04,296.25,301.00,290.50,292.00,234100,283.98
2011-02-03,292.00,300.50,289.15,296.10,208700,287.97
2011-02-02,296.00,299.65,287.05,293.00,476300,284.95
2011-02-01,308.00,310.00,293.00,293.30,141600,285.24
2011-01-31,309.10,312.00,305.00,307.00,165500,298.57
2011-01-28,329.60,329.60,305.05,313.00,330900,304.40
2011-01-27,328.90,331.35,323.00,323.50,215000,314.62
2011-01-25,332.00,333.70,324.00,329.25,271000,320.21
2011-01-24,321.05,332.80,320.00,331.50,293300,322.40
2011-01-21,316.15,323.00,316.15,318.50,67100,309.75
2011-01-20,314.85,319.20,312.50,318.00,107900,309.27
2011-01-19,314.00,317.80,310.05,314.45,386600,305.81
2011-01-18,314.60,319.90,308.50,312.80,118100,304.21
2011-01-17,320.00,324.50,311.10,315.50,159000,306.83
2011-01-14,335.00,336.90,315.00,321.60,248800,312.77
2011-01-13,325.75,335.80,325.75,334.00,163900,324.83
2011-01-12,323.00,328.95,316.60,324.00,204700,315.10
2011-01-11,317.25,325.90,314.05,325.90,281600,316.95
2011-01-10,320.00,323.15,312.00,318.00,233700,309.27
2011-01-07,335.00,335.00,319.00,319.05,434500,310.29
2011-01-06,342.00,343.95,331.35,335.00,207500,325.80
2011-01-05,349.00,352.30,338.10,340.35,163700,331.00
2011-01-04,344.65,352.40,343.10,348.10,304500,338.54
2011-01-03,346.00,348.50,342.10,344.65,67300,335.18
2010-12-31,342.00,348.00,337.95,343.80,148400,334.36
2010-12-30,331.25,342.00,328.20,341.00,284900,331.63
2010-12-29,331.90,334.00,326.50,328.00,275500,318.99
2010-12-28,330.15,331.85,328.00,330.00,55900,320.94
2010-12-27,332.00,333.00,327.05,330.00,195400,320.94
2010-12-24,332.40,334.75,329.00,330.00,133700,320.94
2010-12-23,337.00,340.85,330.00,332.45,191200,323.32
2010-12-22,335.80,343.50,334.55,338.80,472300,329.50
2010-12-21,329.70,337.25,329.70,336.85,325900,327.60
2010-12-20,336.00,338.00,325.20,328.25,330000,319.23
2010-12-16,336.85,339.45,330.00,335.50,136600,326.29
2010-12-15,342.35,345.10,334.55,336.00,135700,326.77
2010-12-14,342.50,349.50,342.10,343.00,292900,333.58
2010-12-13,343.90,347.90,332.05,340.80,149800,331.44
2010-12-10,333.00,352.00,315.00,341.00,437400,331.63
2010-12-09,351.35,358.85,316.10,330.00,482600,320.94
2010-12-08,361.95,363.90,353.00,356.45,253100,346.66
2010-12-07,361.95,364.10,352.65,363.50,329800,353.52
2010-12-06,368.00,371.00,360.00,360.50,130600,350.60
2010-12-03,370.00,375.85,365.00,365.50,303800,355.46
2010-12-02,375.00,376.00,367.00,367.80,146500,357.70
2010-12-01,365.25,379.00,365.25,370.35,476800,360.18
2010-11-30,381.50,381.50,367.00,369.50,1023600,359.35
2010-11-29,372.00,378.85,369.10,375.25,340200,364.94
2010-11-26,373.00,376.00,359.00,374.00,628900,363.73
2010-11-25,372.50,380.00,370.10,374.05,642900,363.78
2010-11-24,370.50,380.00,366.65,366.90,437000,356.82
2010-11-23,360.00,375.50,360.00,368.00,580100,357.89
2010-11-22,364.10,372.80,363.20,367.00,325600,356.92
2010-11-19,378.95,381.40,362.85,368.00,391000,357.89
2010-11-18,365.35,384.60,354.60,381.55,678000,371.07
2010-11-16,371.00,379.20,362.60,369.50,374400,359.35
2010-11-15,373.45,381.00,372.05,376.10,576900,365.77
2010-11-12,372.00,381.10,371.60,375.00,702400,364.70
2010-11-11,390.00,391.40,373.80,376.30,790400,365.97
2010-11-10,366.10,392.90,364.15,388.00,2986800,377.34
2010-11-09,366.00,371.65,362.10,364.10,393500,354.10
2010-11-08,373.00,374.50,362.90,364.50,584100,354.49
2010-11-05,375.00,377.45,368.40,371.05,201100,360.86
2010-11-04,354.60,371.20,352.50,370.50,1797100,360.32
2010-11-03,364.80,365.70,350.55,351.35,1360100,341.70
2010-11-02,329.70,368.40,317.00,360.05,3462400,350.16
2010-11-01,321.00,331.00,321.00,328.70,433700,316.27
2010-10-29,328.45,328.45,313.50,317.25,700500,305.25
2010-10-28,332.00,336.50,319.50,322.95,1369100,310.74
2010-10-27,329.00,335.00,327.80,330.50,271000,318.00
2010-10-26,337.10,341.40,329.00,329.60,372800,317.13
2010-10-25,328.00,337.40,328.00,336.70,521800,323.97
2010-10-22,324.00,330.00,322.25,326.80,298500,314.44
2010-10-21,325.00,325.00,320.20,322.00,120700,309.82
2010-10-20,321.90,323.90,313.30,320.15,272100,308.04
2010-10-19,324.75,324.75,314.35,316.70,164000,304.72
2010-10-18,310.00,319.00,304.20,316.00,150600,304.05
2010-10-15,329.40,330.60,315.10,317.50,138400,305.49
2010-10-14,332.00,334.25,324.90,327.05,325300,314.68
2010-10-13,335.00,335.50,328.10,329.05,170300,316.61
2010-10-12,328.50,341.50,322.75,332.25,346800,319.68
2010-10-11,326.20,330.90,325.55,328.35,237200,315.93
2010-10-08,334.00,334.00,320.65,323.30,451300,311.07
2010-10-07,335.50,337.50,321.35,324.00,410100,311.75
2010-10-06,327.00,344.90,327.00,334.45,1449100,321.80
2010-10-05,327.00,332.60,323.10,323.55,630200,311.31
2010-10-04,323.00,330.60,319.35,326.70,1224000,314.34
2010-10-01,318.00,322.50,314.05,320.25,386300,308.14
2010-09-30,316.70,320.35,312.25,314.90,583600,302.99
2010-09-29,323.00,324.95,313.15,313.50,707200,301.64
2010-09-28,313.00,322.70,312.65,322.00,1211000,309.82
2010-09-27,311.00,314.00,308.40,312.90,582400,301.07
2010-09-24,305.00,310.30,305.00,307.50,220500,295.87
2010-09-23,305.00,311.40,302.00,305.00,329800,293.46
2010-09-22,312.10,312.45,303.80,306.90,331000,295.29
2010-09-21,314.00,315.90,307.50,311.80,477300,300.01
2010-09-20,309.00,314.90,308.65,314.00,890500,302.12
2010-09-17,304.90,308.45,301.00,304.30,904500,292.79
2010-09-16,305.00,308.00,299.60,301.15,293000,289.76
2010-09-15,307.15,308.85,301.70,305.50,428700,293.95
2010-09-14,311.00,313.75,305.95,306.25,385700,294.67
2010-09-13,317.50,317.50,309.25,310.30,360700,298.56
2010-09-09,319.00,319.00,311.60,313.25,281600,301.40
2010-09-08,315.50,323.00,313.50,316.25,760400,304.29
2010-09-07,317.90,320.80,313.55,315.20,607900,303.28
2010-09-06,307.20,317.25,307.20,316.00,536900,304.05
2010-09-03,310.80,311.90,305.70,306.00,268400,294.43
2010-09-02,306.00,310.00,304.50,308.00,397700,296.35
2010-09-01,299.70,306.70,297.20,305.00,315200,293.46
2010-08-31,298.00,298.50,291.25,296.50,472400,285.29
2010-08-30,299.35,304.50,295.10,297.95,211500,286.68
2010-08-27,300.00,302.65,299.00,301.00,276900,289.62
2010-08-26,302.00,303.40,295.05,302.00,540700,290.58
2010-08-25,302.00,304.60,300.00,300.90,356500,289.52
2010-08-24,306.30,309.90,301.05,302.50,225500,291.06
2010-08-23,306.00,311.85,305.50,305.75,513100,294.19
2010-08-20,306.50,307.50,302.05,304.55,235900,293.03
2010-08-19,310.00,314.40,304.40,306.00,643600,294.43
2010-08-18,301.10,312.50,301.10,303.10,727900,291.64
2010-08-17,304.00,307.70,300.10,300.50,431100,289.14
2010-08-16,307.90,312.60,300.05,304.00,133200,292.50
2010-08-13,311.00,315.90,305.00,307.30,269000,295.68
2010-08-12,304.85,312.00,303.25,311.70,577900,299.91
2010-08-11,313.70,315.00,305.00,305.40,207300,293.85
2010-08-10,312.00,315.00,310.00,313.20,485100,301.35
2010-08-09,307.00,314.40,307.00,311.00,350500,299.24
2010-08-06,315.00,318.70,305.60,308.00,507800,296.35
2010-08-05,307.00,320.15,304.95,314.95,1234000,303.04
2010-08-04,304.00,306.00,299.25,304.50,340100,292.98
2010-08-03,299.90,304.70,296.65,303.50,903000,292.02
2010-08-02,284.15,297.00,284.15,296.00,596200,284.81
2010-07-30,286.00,290.50,284.00,287.10,445900,276.24
2010-07-29,282.00,287.60,280.00,285.00,720200,274.22
2010-07-28,284.00,287.70,282.00,282.25,250900,271.58
2010-07-27,283.70,284.00,279.25,283.25,145100,272.54
2010-07-26,283.80,285.25,281.95,283.75,236400,273.02
2010-07-23,283.40,284.50,280.10,283.55,653100,272.83
2010-07-22,285.70,285.70,279.30,281.45,728300,270.81
2010-07-21,286.40,288.00,283.50,285.25,470600,274.46
2010-07-20,285.00,285.75,281.00,285.45,842000,274.65
2010-07-19,291.90,293.05,289.70,290.95,589600,272.25
2010-07-16,292.30,297.35,290.30,291.80,457400,273.04
2010-07-15,292.00,296.10,290.20,291.50,424500,272.76
2010-07-14,302.00,302.00,291.85,292.15,532900,273.37
2010-07-13,298.35,302.90,298.25,298.45,288800,279.27
2010-07-12,301.90,305.00,297.25,298.70,276600,279.50
2010-07-09,299.55,305.00,299.10,300.00,324500,280.72
2010-07-08,300.10,302.70,297.10,299.00,212400,279.78
2010-07-07,293.55,307.70,293.55,297.00,363800,277.91
2010-07-06,292.00,300.00,291.00,299.95,194300,280.67
2010-07-05,291.80,295.00,285.95,293.50,247100,274.63
2010-07-02,291.70,293.00,288.10,290.00,205300,271.36
2010-07-01,291.00,293.00,286.00,291.00,217200,272.30
2010-06-30,290.10,294.00,290.10,292.50,379400,273.70
2010-06-29,295.50,299.50,292.40,293.65,234100,274.78
2010-06-28,294.25,300.00,294.00,298.00,222800,278.85
2010-06-25,300.00,301.70,294.00,296.00,389300,276.97
2010-06-24,305.00,306.00,298.00,300.00,343900,280.72
2010-06-23,304.00,307.75,302.50,303.50,202100,283.99
2010-06-22,309.00,309.00,302.30,305.00,185300,285.40
2010-06-21,301.00,311.00,300.25,307.70,629700,287.92
2010-06-18,296.00,300.80,293.50,298.00,429600,278.85
2010-06-17,293.55,295.90,291.00,294.00,1207300,275.10
2010-06-16,292.60,296.90,289.50,293.00,642900,274.17
2010-06-15,296.00,297.00,290.35,291.85,542100,273.09
2010-06-14,297.25,298.85,293.55,295.05,383600,276.09
2010-06-11,295.15,301.50,295.15,296.00,194900,276.97
2010-06-10,292.10,296.70,290.00,294.00,354900,275.10
2010-06-09,293.00,295.00,288.95,293.00,170200,274.17
2010-06-08,292.25,298.10,291.05,293.00,243800,274.17
2010-06-07,295.00,297.90,291.00,294.50,466200,275.57
2010-06-04,305.30,305.30,297.65,303.25,403100,283.76
2010-06-03,296.50,307.00,296.50,303.60,380000,284.09
2010-06-02,288.00,296.50,288.00,295.70,608000,276.69
2010-06-01,299.50,299.50,287.00,288.75,338600,270.19
2010-05-31,298.90,301.00,292.00,299.90,203200,280.62
2010-05-28,291.00,299.00,291.00,296.00,239100,276.97
2010-05-27,282.00,292.00,282.00,290.00,668400,271.36
2010-05-26,285.00,291.00,280.00,285.25,393500,266.92
2010-05-25,283.00,292.30,280.50,284.70,349900,266.40
2010-05-24,279.00,291.00,279.00,284.00,329400,265.75
2010-05-21,280.00,280.05,270.80,275.40,919500,257.70
2010-05-20,281.00,285.80,276.40,285.00,365200,266.68
2010-05-19,299.80,299.80,277.00,283.00,697400,264.81
2010-05-18,300.00,304.90,297.20,300.00,193300,280.72
2010-05-17,305.50,308.00,295.20,300.55,216600,281.23
2010-05-14,315.00,319.00,306.10,306.35,486000,286.66
2010-05-13,302.90,316.25,301.40,314.00,710500,293.82
2010-05-12,295.00,301.60,290.40,300.00,565900,280.72
2010-05-11,302.00,303.00,291.95,293.95,448100,275.06
2010-05-10,290.00,302.30,290.00,301.00,590800,281.65
2010-05-07,302.00,304.90,285.60,287.00,680800,268.55
2010-05-06,319.85,319.85,305.15,306.00,464200,286.33
2010-05-05,309.00,316.70,309.00,315.00,222300,294.75
2010-05-04,328.00,328.00,315.50,317.85,208900,297.42
2010-05-03,332.65,332.65,323.00,324.45,276500,303.60
2010-04-30,341.00,345.00,328.55,329.00,715600,307.85
2010-04-29,331.00,338.40,331.00,337.20,362900,315.53
2010-04-28,333.00,338.85,327.95,332.25,431500,310.89
2010-04-27,333.00,338.95,331.00,334.00,307500,312.53
2010-04-26,331.00,335.90,330.20,331.80,164700,310.47
2010-04-23,331.00,340.00,328.65,330.50,775000,309.26
2010-04-22,334.10,334.10,329.00,330.45,361300,309.21
2010-04-21,336.00,340.55,330.00,332.15,709800,310.80
2010-04-20,315.00,335.00,314.70,335.00,1282800,313.47
2010-04-19,324.00,324.00,311.25,312.55,636000,292.46
2010-04-16,313.00,328.50,312.00,324.00,1395900,303.17
2010-04-15,310.00,318.75,309.25,313.00,597900,292.88
2010-04-13,314.85,314.85,307.05,309.50,273700,289.61
2010-04-12,313.95,316.90,309.50,313.90,247900,293.72
2010-04-09,309.00,315.95,309.00,312.95,296400,292.83
2010-04-08,302.50,319.70,302.50,308.70,388600,288.86
2010-04-07,319.00,323.50,316.25,318.05,1115000,297.61
2010-04-06,303.00,319.90,300.10,318.25,1122000,297.79
2010-04-05,297.00,303.00,295.30,301.40,462100,282.03
2010-04-01,299.15,299.15,293.20,295.00,192800,276.04
2010-03-31,296.60,296.95,291.50,293.10,321700,274.26
2010-03-30,298.00,301.65,294.00,294.00,294700,275.10
2010-03-29,299.45,302.20,295.25,296.00,505300,276.97
2010-03-26,288.00,298.80,288.00,297.00,386200,277.91
2010-03-25,293.70,293.70,284.60,289.85,273900,271.22
2010-03-23,294.70,294.70,285.75,286.45,286600,268.04
2010-03-22,288.50,288.50,281.30,281.60,119900,263.50
2010-03-19,289.00,292.50,288.50,288.50,674900,269.96
2010-03-18,292.20,294.50,289.05,290.00,317100,271.36
2010-03-17,293.00,295.85,287.35,290.10,488400,271.45
2010-03-16,288.25,290.95,286.90,290.15,250700,271.50
2010-03-15,288.90,292.80,285.60,286.15,497300,267.76
2010-03-12,287.05,289.90,285.00,286.60,182000,268.18
2010-03-11,291.00,291.00,284.25,286.95,196100,268.51
2010-03-10,287.10,293.65,286.70,290.25,196900,271.59
2010-03-09,291.90,292.35,286.65,289.95,627700,271.31
2010-03-08,299.40,300.00,288.20,289.20,613600,270.61
2010-03-05,290.00,294.40,290.00,293.45,492700,274.59
2010-03-04,282.00,291.20,281.10,286.85,835200,268.41
2010-03-03,275.00,284.50,274.00,281.50,786300,263.41
2010-03-02,266.00,274.80,261.00,274.80,370800,257.14
2010-02-26,263.00,267.90,261.40,262.50,414300,245.63
2010-02-25,272.00,272.00,261.05,262.65,380000,245.77
2010-02-24,268.00,269.70,262.00,265.00,410900,247.97
2010-02-23,268.50,270.90,265.00,268.00,312700,250.77
2010-02-22,277.10,278.95,267.50,268.00,177800,250.77
2010-02-19,278.95,283.55,272.55,274.05,565600,256.44
2010-02-18,279.70,283.00,277.50,279.95,432600,261.96
2010-02-17,270.10,281.30,270.00,277.30,664000,259.48
2010-02-16,268.00,270.00,265.55,267.65,350800,250.45
2010-02-15,269.35,271.95,265.70,267.40,254600,250.21
2010-02-11,268.80,272.15,268.80,270.50,382300,253.11
2010-01-19,325.00,326.00,312.20,316.05,739800,295.74
2010-01-18,319.00,326.70,315.50,323.00,1561700,302.24
2010-01-15,310.00,321.80,310.00,317.85,1509600,297.42
2010-01-14,314.35,316.00,307.55,309.50,304800,289.61
2010-01-13,310.00,315.70,307.10,312.25,676800,292.18
2010-01-12,320.00,325.85,310.40,313.00,1678200,292.88
2010-01-11,305.90,327.30,303.00,319.75,2941700,299.20
2010-01-08,302.65,307.00,297.35,301.10,1021200,281.75
2010-01-07,295.90,308.00,292.30,301.00,1702200,281.65
2010-01-06,292.00,298.80,290.10,295.00,811300,276.04
2010-01-05,287.00,294.45,287.00,289.00,787300,270.42
2010-01-04,281.05,288.40,279.10,286.80,442400,268.37
2009-12-31,282.00,285.40,279.25,279.55,684200,261.58
2009-12-30,281.00,283.70,279.25,280.00,201100,262.00
2009-12-29,284.00,285.80,280.00,280.05,337100,262.05
2009-12-24,277.00,284.80,275.35,282.80,839100,264.62
2009-12-23,274.00,278.10,272.05,274.10,293200,256.48
2009-12-22,270.00,274.80,270.00,271.50,229800,254.05
2009-12-21,269.10,272.70,267.50,269.00,232100,251.71
2009-12-18,268.00,273.90,261.00,269.90,321100,252.55
2009-12-17,268.90,271.80,266.55,269.50,218700,252.18
2009-12-16,269.00,270.90,266.00,268.50,288700,251.24
2009-12-15,272.50,273.30,266.15,266.25,684200,249.14
2009-12-14,274.00,274.00,266.00,268.50,309600,251.24
2009-12-11,280.00,280.00,271.15,271.60,349000,254.14
2009-12-10,272.00,278.20,272.00,276.80,268800,259.01
2009-12-09,275.00,278.40,271.10,274.60,414700,256.95
2009-12-08,276.00,277.60,272.25,274.85,408700,257.18
2009-12-07,279.00,281.50,273.00,273.60,275500,256.01
2009-12-04,280.00,283.95,277.15,278.25,456900,260.37
2009-12-03,275.00,284.70,275.00,279.50,928300,261.53
2009-12-02,285.00,285.40,274.55,274.85,655900,257.18
2009-12-01,273.50,285.30,272.15,284.50,685700,266.21
2009-11-30,270.00,278.90,270.00,271.00,314200,253.58
2009-11-27,275.00,276.85,261.40,269.00,862900,251.71
2009-11-26,287.50,287.90,276.00,278.00,1409500,260.13
2009-11-25,284.90,292.80,279.00,287.25,1747800,268.79
2009-11-24,279.10,282.50,272.05,277.30,1327900,259.48
2009-11-23,292.00,292.00,277.70,279.20,875000,261.25
2009-11-20,275.00,292.50,271.00,292.00,1570100,273.23
2009-11-19,285.00,290.65,273.10,277.70,1798300,259.85
2009-11-18,269.90,288.00,267.10,283.00,2799500,264.81
2009-11-17,268.00,271.80,267.75,270.00,1029900,252.65
2009-11-16,263.00,269.00,258.55,268.00,993000,250.77
2009-11-13,257.40,264.95,257.40,258.30,1038200,241.70
2009-11-12,263.00,263.00,255.10,257.30,855200,240.76
2009-11-11,247.75,264.90,246.15,261.25,2432500,244.46
2009-11-10,257.10,260.90,244.90,246.95,911600,231.08
2009-11-09,252.00,256.70,250.00,255.90,476900,239.45
2009-11-06,251.10,254.00,244.40,251.00,528500,234.87
2009-11-05,242.90,250.50,237.20,248.50,599500,232.53
2009-11-04,239.90,245.40,236.60,243.50,463300,227.85
2009-11-03,238.10,240.90,226.60,238.00,518700,222.70
2009-10-30,255.00,262.80,236.35,239.70,1143200,224.29
2009-10-29,252.50,254.30,245.15,251.10,1494100,234.96
2009-10-28,260.00,264.50,252.10,255.70,892200,239.26
2009-10-27,280.10,280.85,258.90,260.75,697300,243.99
2009-10-26,291.00,294.80,281.15,283.00,656400,264.81
2009-10-23,294.00,302.50,288.50,290.50,552900,271.83
2009-10-22,300.00,304.90,291.10,293.25,1640400,274.40
2009-10-21,300.00,310.90,295.00,298.15,2255100,278.99
2009-10-20,292.00,304.30,288.55,300.60,1928000,281.28
2009-10-16,286.00,296.20,285.00,294.35,1439900,275.43
2009-10-15,287.00,289.90,283.00,285.50,966400,267.15
2009-10-14,280.00,286.75,279.15,283.10,919300,264.90
2009-10-12,279.00,280.90,272.30,278.55,451800,260.65
2009-10-09,280.00,285.70,276.00,277.45,2010400,259.62
2009-10-08,265.00,279.55,264.00,278.35,1929500,260.46
2009-10-07,265.50,268.75,261.05,262.00,472900,245.16
2009-10-06,264.00,265.90,254.00,262.50,472100,245.63
2009-10-05,272.05,272.20,260.65,262.95,523300,246.05
2009-10-01,275.00,276.00,270.15,272.80,915700,255.27
2009-09-30,272.00,279.45,272.00,274.80,757600,257.14
2009-09-29,270.00,274.00,266.20,271.00,536600,253.58
2009-09-25,265.00,271.70,262.00,268.70,789800,251.43
2009-09-24,268.00,268.80,262.00,266.50,1217700,249.37
2009-09-23,282.00,283.40,268.10,270.00,938900,252.65
2009-09-22,287.05,289.00,279.25,281.70,1114900,263.59
2009-09-18,269.00,288.30,268.05,285.75,1804800,267.38
2009-09-17,274.00,274.70,267.25,269.25,298000,251.94
2009-09-16,273.70,277.30,270.55,271.25,727900,253.82
2009-09-15,265.95,271.90,265.95,270.50,885200,253.11
2009-09-14,272.50,274.00,262.50,264.05,640100,247.08
2009-09-11,264.40,274.25,258.10,273.30,849800,255.73
2009-09-10,300.00,300.00,259.80,262.40,416400,245.53
2009-09-09,268.00,270.80,261.20,263.30,625300,246.38
2009-09-08,272.00,273.10,267.50,268.80,1073100,251.52
2009-09-07,275.00,276.00,269.00,269.00,543900,251.71
2009-09-04,269.00,274.90,266.40,272.40,706900,254.89
2009-09-03,267.00,272.45,265.00,266.90,669600,249.74
2009-09-02,270.00,273.00,265.00,265.70,751300,248.62
2009-09-01,285.00,285.00,268.60,268.75,994500,251.48
2009-08-31,294.80,294.80,281.50,283.50,536200,265.28
2009-08-28,289.95,302.00,289.90,294.50,1530900,275.57
2009-08-27,280.00,297.50,272.15,290.10,2125400,271.45
2009-08-26,260.40,279.90,260.40,277.50,955800,259.66
2009-08-25,262.05,264.00,257.00,259.95,369700,243.24
2009-08-24,255.00,263.50,255.00,263.50,510000,246.56
2009-08-17,255.20,255.20,246.45,248.05,503100,232.11
2009-08-14,263.00,264.60,258.15,258.35,170400,241.74
2009-08-13,264.10,269.90,257.65,262.30,694800,245.44
2009-08-12,255.00,266.00,245.50,259.00,486900,242.35
2009-08-11,254.00,257.50,249.00,255.50,492200,239.08
2009-08-10,261.10,264.00,247.10,247.10,487400,231.22
2009-08-07,270.00,270.00,257.25,258.00,468200,241.42
2009-08-06,276.00,286.35,269.05,271.00,767900,253.58
2009-08-05,276.00,281.50,269.00,277.05,830400,259.24
2009-08-04,261.00,276.90,261.00,276.00,1262900,258.26
2009-08-03,257.50,263.95,255.10,261.30,403200,244.50
2009-07-31,254.05,266.40,252.65,259.10,924800,242.45
2009-07-30,251.00,257.75,246.00,252.50,437400,236.27
2009-07-29,260.00,260.00,243.00,253.00,513100,236.74
2009-07-28,257.00,264.90,256.00,260.25,532400,243.52
2009-07-27,257.00,261.00,254.20,255.00,591200,238.61
2009-07-24,247.00,258.50,244.50,254.95,1060600,238.56
2009-07-23,240.20,245.70,238.65,244.50,301400,228.78
2009-07-22,243.00,250.70,236.40,240.50,479700,225.04
2009-07-21,249.90,249.90,240.35,241.70,295900,226.16
2009-07-20,252.00,259.00,245.40,249.45,476200,233.42
2009-07-17,249.70,253.90,245.20,251.20,344100,235.05
2009-07-16,255.00,256.05,239.00,248.00,820000,232.06
2009-07-15,227.00,252.60,227.00,249.20,800300,233.18
2009-07-14,219.40,227.15,217.30,226.80,259800,212.22
2009-07-13,227.00,227.00,211.30,214.55,440200,200.76
2009-07-10,223.00,234.90,220.20,225.00,684500,210.54
2009-07-09,225.00,226.50,218.15,220.40,277600,206.23
2009-07-08,234.00,234.70,220.00,225.10,417100,210.63
2009-07-07,236.10,239.90,224.00,239.90,542800,224.48
2009-07-06,256.15,257.90,232.00,236.00,376100,220.83
2009-07-03,252.00,258.00,249.50,257.65,371100,241.09
2009-07-02,260.00,260.60,250.25,252.65,374000,236.41
2009-07-01,251.50,260.60,245.75,257.50,961200,240.95
2009-06-30,261.00,267.50,248.25,252.10,988900,235.90
2009-06-29,244.00,262.20,241.30,258.00,1048300,241.42
2009-06-26,242.00,245.75,239.00,242.30,260300,226.73
2009-06-25,240.10,245.40,239.00,241.65,988700,226.12
2009-06-24,238.00,240.90,234.60,238.20,535400,222.89
2009-06-23,234.00,242.25,231.20,235.00,752300,219.90
2009-06-22,241.50,249.90,238.15,241.80,787100,226.26
2009-06-19,239.00,244.70,232.50,239.90,663400,224.48
2009-06-18,245.00,245.20,230.05,238.00,1158000,222.70
2009-06-17,266.05,269.00,243.15,246.50,1137700,230.66
2009-06-16,261.00,269.95,259.05,266.00,721300,248.90
2009-06-15,265.85,274.50,261.20,266.00,467700,248.90
2009-06-12,271.15,279.50,263.00,264.00,1040500,247.03
2009-06-11,270.40,285.60,265.30,268.55,1524300,251.29
2009-06-10,279.75,282.00,264.90,275.00,710900,257.32
2009-06-09,271.15,276.00,258.50,275.40,1399700,257.70
2009-06-08,307.00,307.00,271.00,271.50,685500,254.05
2009-06-05,302.00,310.90,299.25,306.75,802500,287.03
2009-06-04,299.80,314.95,296.15,300.25,1645400,280.95
2009-06-03,295.00,316.45,289.60,308.00,1598100,288.20
2009-06-02,300.00,300.00,277.10,285.15,1209400,266.82
2009-06-01,290.00,302.00,288.40,296.00,1635300,276.97
2009-05-29,286.00,292.80,278.25,283.00,1774600,264.81
2009-05-28,261.25,283.80,261.25,282.95,1902000,264.76
2009-05-27,251.00,263.80,251.00,263.05,795900,246.14
2009-05-26,265.00,265.00,244.00,246.00,476500,230.19
2009-05-25,259.00,269.40,258.00,261.75,599900,244.93
2009-05-22,253.00,261.50,247.45,257.00,1209400,240.48
2009-05-21,265.00,271.40,252.50,255.70,1241600,239.26
2009-05-20,255.00,268.85,247.00,263.00,2603200,246.10
2009-05-19,260.00,279.90,230.00,247.00,1265300,231.12
2009-05-18,255.00,275.00,254.65,269.60,1000,252.27
2009-05-15,246.00,269.30,235.00,240.00,2276400,224.57
2009-05-14,224.05,249.50,223.20,243.90,1088900,228.22
2009-05-13,232.10,237.70,227.40,231.35,461900,216.48
2009-05-12,227.00,233.95,219.00,230.60,1184900,212.97
2009-05-11,240.00,244.90,226.10,227.45,653600,210.06
2009-05-08,241.90,251.00,225.10,240.05,1471300,221.70
2009-05-07,232.00,242.90,232.00,242.00,714300,223.50
2009-05-06,240.00,247.50,227.40,230.00,625300,212.42
2009-05-05,228.15,243.50,223.15,239.00,867500,220.73
2009-05-04,206.00,225.50,206.00,225.50,882500,208.26
2009-04-29,207.50,209.00,200.10,205.35,878600,189.65
2009-04-28,223.50,223.50,204.30,207.90,533800,192.01
2009-04-27,210.00,220.50,209.20,216.00,579700,199.49
2009-04-24,208.00,216.60,208.00,210.00,354400,193.95
2009-04-23,208.00,210.40,202.55,208.50,180400,192.56
2009-04-22,205.00,212.50,202.30,207.80,336700,191.91
2009-04-21,195.00,207.40,192.50,204.75,457000,189.10
2009-04-20,203.00,208.50,194.30,199.20,505700,183.97
2009-04-17,199.10,210.50,199.10,202.80,801300,187.30
2009-04-16,222.00,224.50,195.50,197.00,514500,181.94
2009-04-15,209.80,224.70,207.20,223.00,894200,205.95
2009-04-13,205.00,217.40,205.00,211.25,1135500,195.10
2009-04-09,192.40,204.90,190.30,201.00,1122100,185.63
2009-04-08,182.00,193.25,181.00,191.85,762300,177.18
2009-04-06,202.00,204.85,186.60,190.05,611000,175.52
2009-04-02,192.00,200.30,192.00,198.00,717900,182.86
2009-04-01,193.65,194.40,188.00,188.50,528900,174.09
2009-03-31,182.00,191.00,180.00,190.70,733800,176.12
2009-03-30,180.25,186.80,176.25,180.30,728700,166.52
2009-03-27,172.90,187.00,170.00,186.00,564400,171.78
2009-03-26,173.00,177.90,166.10,170.00,839600,157.00
2009-03-25,174.00,174.85,168.25,171.60,364200,158.48
2009-03-24,180.00,186.00,162.70,172.20,327400,159.04
2009-03-23,172.55,179.95,170.55,178.90,215600,165.22
2009-03-20,170.00,173.70,167.15,169.80,387600,156.82
2009-03-19,171.00,176.00,168.15,169.10,175200,156.17
2009-03-18,166.90,173.90,165.15,169.15,269300,156.22
2009-03-17,168.00,174.10,163.00,164.45,243600,151.88
2009-03-16,154.90,179.00,154.90,169.60,255600,156.63
2009-03-13,157.85,165.00,155.45,164.00,255100,151.46
2009-03-12,147.15,154.90,142.50,153.50,476700,141.76
2009-03-09,151.00,153.90,144.25,146.60,474500,135.39
2009-03-06,155.00,156.80,151.00,153.00,645200,141.30
2009-03-05,157.25,160.70,156.00,156.60,574700,144.63
2009-03-04,157.50,160.00,154.50,155.80,272600,143.89
2009-03-03,162.50,165.00,156.50,157.00,553600,145.00
2009-03-02,160.25,174.30,160.25,160.50,674400,148.23
2009-02-27,172.00,172.00,164.40,166.55,437100,153.82
2009-02-26,169.00,170.50,162.25,169.55,863700,156.59
2009-02-25,170.25,173.90,166.20,166.50,868700,153.77
2009-02-24,175.00,175.00,167.25,169.50,457500,156.54
2009-02-20,168.00,174.50,163.00,172.00,1110800,158.85
2009-02-19,175.00,175.00,166.00,167.80,790400,154.97
2009-02-18,180.00,180.00,164.90,165.50,1126100,152.85
2009-02-17,188.00,188.10,175.10,177.15,406200,163.61
2009-02-16,202.90,203.55,186.80,189.20,398700,174.74
2009-02-13,192.20,205.40,192.20,199.00,584000,183.79
2009-02-12,211.05,211.95,197.90,197.95,535600,182.82
2009-02-11,214.00,215.90,208.25,213.00,352100,196.72
2009-02-10,220.00,222.45,211.00,215.80,1525500,199.30
2009-02-09,213.00,220.80,206.05,220.00,1229900,200.87
2009-02-06,191.00,211.90,191.00,211.05,1545400,192.70
2009-02-05,178.00,193.50,178.00,188.35,1799000,171.97
2009-02-04,180.10,181.00,175.30,177.30,332200,161.88
2009-02-03,180.05,182.55,173.25,180.00,666200,164.35
2009-02-02,172.00,180.95,168.55,176.00,667200,160.70
2009-01-30,153.00,173.50,153.00,173.05,311800,158.00
2009-01-29,170.00,170.00,160.00,163.00,1176300,148.83
2009-01-28,153.50,168.70,153.50,165.10,536400,150.75
2009-01-27,159.00,159.00,147.00,152.50,330700,139.24
2009-01-23,156.00,159.90,150.00,150.00,471000,136.96
2009-01-22,165.25,168.40,153.20,154.55,297500,141.11
2009-01-21,169.85,173.85,161.10,162.30,268600,148.19
2009-01-20,175.15,176.70,166.90,168.20,525100,153.58
2009-01-19,182.80,184.95,175.20,176.30,249400,160.97
2009-01-16,189.00,195.45,176.00,177.50,502700,162.07
2009-01-15,184.00,192.00,175.15,186.30,207600,170.10
2009-01-14,191.00,194.90,188.00,192.80,154700,176.04
2009-01-13,192.00,204.90,182.00,184.00,181000,168.00
2009-01-12,205.90,210.00,193.75,195.55,151400,178.55
2009-01-09,210.00,220.95,204.00,207.10,211000,189.09
2009-01-07,233.00,244.40,210.25,215.00,246200,196.31
2009-01-06,242.10,242.10,230.00,234.00,309300,213.65
2009-01-05,229.00,248.75,225.60,243.85,880400,222.65
2009-01-02,220.50,231.85,213.00,225.55,492600,205.94
2009-01-01,202.00,220.65,202.00,219.00,503200,199.96
2008-12-31,214.00,218.70,201.80,203.30,244700,185.62
2008-12-30,196.00,211.80,195.25,210.80,507900,192.47
2008-12-29,193.00,198.40,181.15,195.55,222700,178.55
2008-12-26,189.00,198.70,185.05,187.00,216900,170.74
2008-12-24,199.05,199.05,184.25,191.00,266200,174.39
2008-12-23,209.00,209.00,196.00,197.90,158600,180.69
2008-12-22,220.00,224.00,208.70,209.95,221300,191.70
2008-12-19,208.25,223.80,208.00,217.15,331100,198.27
2008-12-18,211.55,213.80,197.50,209.00,404900,190.83
2008-12-17,222.10,228.00,208.60,212.55,468300,194.07
2008-12-16,229.00,231.80,219.00,220.50,660900,201.33
2008-12-15,199.90,229.40,199.90,228.00,1549100,208.18
2008-12-12,182.00,200.65,182.00,198.05,1159300,180.83
2008-12-11,169.00,214.70,167.20,198.00,4033600,180.78
2008-12-10,146.35,169.85,144.25,166.00,570000,151.57
2008-12-08,157.00,160.00,144.45,145.50,201000,132.85
2008-12-05,160.50,164.50,151.15,152.00,93300,138.78
2008-12-04,157.35,161.95,157.35,158.00,130900,144.26
2008-12-03,161.10,161.10,155.55,155.55,69100,142.03
2008-12-02,155.00,163.00,152.80,157.00,212700,143.35
2008-12-01,166.10,171.00,158.20,161.10,74500,147.09
2008-11-28,157.35,180.00,155.00,173.15,234100,158.10
2008-11-26,155.30,165.40,151.00,163.00,251900,148.83
2008-11-25,165.80,165.85,151.15,155.50,547100,141.98
2008-11-24,163.00,166.95,158.05,160.30,75200,146.36
2008-11-21,160.10,164.00,153.00,163.00,208700,148.83
2008-11-20,160.00,161.00,151.10,159.00,105500,145.18
2008-11-19,156.10,172.00,153.10,162.00,557100,147.91
2008-11-18,169.00,172.00,155.50,160.00,179900,146.09
2008-11-17,190.00,190.00,170.00,170.50,228300,155.68
2008-11-14,210.00,212.00,186.30,189.00,399200,172.57
2008-11-12,211.30,224.65,199.00,202.00,189900,184.44
2008-11-11,218.00,233.90,215.00,219.00,337300,199.96
2008-11-10,209.00,221.95,204.00,221.00,104600,201.79
2008-11-07,198.90,209.40,192.65,208.80,177600,190.65
2008-11-06,205.00,217.50,178.25,200.00,357400,182.61
2008-11-05,218.80,222.75,209.20,211.50,275000,193.11
2008-11-04,210.85,214.80,199.50,213.40,200600,194.85
2008-11-03,201.95,228.10,201.95,211.00,215300,192.65
2008-10-31,185.00,238.50,185.00,211.00,439400,192.65
2008-10-29,198.80,198.80,169.30,190.00,376700,171.20
2008-10-28,178.00,178.00,161.15,174.00,69100,156.78
2008-10-27,171.00,178.00,137.00,162.00,376900,145.97
2008-10-24,168.00,175.50,160.15,164.65,214600,148.36
2008-10-23,175.00,180.00,162.00,167.00,852400,150.47
2008-10-22,210.00,217.00,175.10,175.25,273300,157.91
2008-10-21,198.00,198.50,188.00,198.00,113100,178.41
2008-10-20,201.10,209.80,185.05,189.30,290000,170.57
2008-10-17,213.00,219.85,198.50,201.00,112400,181.11
2008-10-16,197.55,216.00,192.20,208.50,254700,187.87
2008-10-15,228.00,229.00,213.20,219.00,175600,197.33
2008-10-14,228.05,244.00,228.05,233.00,314600,209.94
2008-10-13,227.00,239.00,223.05,225.00,412500,202.73
2008-10-10,254.00,254.00,208.00,228.05,598800,205.48
2008-10-08,260.00,260.00,241.60,257.80,145400,232.29
2008-10-07,265.10,274.90,246.15,269.55,322300,242.88
2008-10-06,290.00,294.90,255.30,261.95,343400,236.03
2008-10-03,314.80,314.80,295.20,296.55,157700,267.20
2008-10-01,305.35,317.00,291.00,315.20,522000,284.01
2008-09-30,273.00,306.00,268.00,300.00,159500,270.31
2008-09-29,292.20,294.00,270.25,284.95,382900,256.75
2008-09-26,302.00,305.00,286.40,293.00,1041400,264.01
2008-09-25,319.05,334.90,300.05,305.00,406400,274.82
2008-09-24,320.35,325.90,318.10,318.60,167000,287.07
2008-09-23,326.25,331.00,315.00,319.80,270700,288.15
2008-09-22,324.00,337.45,324.00,330.00,709500,297.34
2008-09-19,315.10,325.95,306.50,322.50,811200,290.59
2008-09-18,300.00,314.95,285.75,308.10,250400,277.61
2008-09-17,315.00,318.00,304.65,306.00,237500,275.72
2008-09-16,311.00,319.00,308.00,312.00,112500,281.12
2008-09-15,331.25,331.25,312.30,318.50,145600,286.98
2008-09-12,338.05,341.00,328.25,333.50,409500,300.50
2008-09-11,338.00,343.00,329.60,336.90,209000,303.56
2008-09-10,357.00,357.00,335.00,342.50,401200,308.61
2008-09-09,368.00,369.80,352.55,359.05,210000,323.52
2008-09-08,372.00,380.00,360.15,362.00,371700,326.18
2008-09-05,364.00,371.50,352.00,369.00,223300,332.48
2008-09-04,380.00,384.00,361.40,365.50,612500,329.33
2008-09-02,377.00,391.00,377.00,384.00,127000,346.00
2008-09-01,386.00,387.40,375.00,375.20,148300,338.07
2008-08-29,386.00,398.85,382.05,385.00,136000,346.90
2008-08-28,385.00,400.90,380.05,384.00,469700,346.00
2008-08-27,391.85,394.00,380.50,387.00,101500,348.70
2008-08-26,390.40,399.00,386.00,389.00,174900,350.51
2008-08-25,387.00,392.00,387.00,390.00,60800,351.41
2008-08-22,385.00,385.95,380.10,384.00,30500,346.00
2008-08-21,389.00,390.50,382.10,386.85,48000,348.57
2008-08-20,386.00,396.60,384.50,387.10,119500,348.79
2008-08-19,384.00,387.75,375.10,387.00,115200,348.70
2008-08-18,386.00,392.00,382.70,386.55,139400,348.30
2008-08-14,385.25,395.00,382.05,384.00,278300,346.00
2008-08-13,393.00,393.00,382.00,386.00,337600,347.80
2008-08-12,412.50,412.50,391.00,392.00,217300,353.21
2008-08-11,420.00,422.90,406.25,408.20,253700,367.81
2008-08-08,414.25,429.90,410.10,414.40,408500,373.39
2008-08-07,420.00,424.50,413.35,415.00,144200,373.93
2008-08-06,429.90,431.00,416.00,420.00,211500,378.44
2008-08-05,414.00,429.00,414.00,422.90,163100,381.05
2008-08-04,423.00,431.90,420.25,425.00,102500,382.94
2008-08-01,404.00,422.95,401.05,420.85,111100,379.20
2008-07-31,427.15,430.00,401.50,405.00,257100,364.92
2008-07-30,422.00,434.80,420.05,423.25,188200,381.37
2008-07-29,436.00,438.80,411.55,415.85,143000,374.70
2008-07-28,412.00,445.00,409.00,440.00,274000,396.46
2008-07-25,427.90,429.85,407.20,416.00,325000,374.83
2008-07-24,437.00,437.00,418.15,434.00,187000,391.05
2008-07-23,414.00,444.25,410.00,435.75,647400,392.63
2008-07-22,387.00,404.95,371.05,400.00,210800,360.42
2008-07-21,362.90,379.95,353.10,374.10,255300,337.08
2008-07-18,350.00,364.00,338.50,357.00,263700,321.67
2008-07-17,360.30,360.30,333.05,345.00,182500,310.86
2008-07-16,369.00,371.00,333.05,344.50,296000,310.41
2008-07-15,376.90,376.90,363.80,368.75,112700,332.26
2008-07-14,375.00,385.65,367.75,377.00,108200,339.69
2008-07-11,387.90,394.90,371.35,375.00,135500,337.89
2008-07-10,388.00,390.00,373.10,386.00,193400,347.80
2008-07-09,375.00,390.00,370.00,389.90,222500,351.32
2008-07-08,364.10,369.75,348.10,369.65,259200,333.07
2008-07-07,361.00,371.80,354.25,355.00,94900,319.87
2008-07-04,346.60,364.05,337.25,357.70,159100,322.30
2008-07-03,349.50,364.90,325.30,352.00,314000,317.17
2008-07-02,331.05,355.85,315.50,346.45,330300,312.17
2008-07-01,370.10,372.05,327.00,336.35,281500,303.07
2008-06-30,390.00,404.65,365.65,374.90,217700,337.80
2008-06-27,420.00,420.00,398.10,399.00,127300,359.52
2008-06-26,406.00,432.00,404.00,422.55,454700,380.74
2008-06-25,405.00,408.00,392.00,405.00,109500,364.92
2008-06-24,390.00,408.00,390.00,400.00,108000,360.42
2008-06-23,409.85,419.85,390.10,392.00,163000,353.21
2008-06-20,441.00,443.90,414.00,420.10,276400,378.53
2008-06-19,442.00,445.00,430.10,436.00,302100,392.85
2008-06-18,444.00,458.80,444.00,449.55,234500,405.06
2008-06-17,435.00,445.00,434.30,444.50,157000,400.51
2008-06-16,436.05,445.00,432.15,433.95,63100,391.01
2008-06-13,452.50,452.50,430.05,430.50,398100,387.90
2008-06-12,430.00,459.80,424.10,450.05,242600,405.51
2008-06-11,430.00,444.55,429.50,439.25,208000,395.78
2008-06-10,458.00,467.50,421.50,428.00,521600,385.65
2008-06-06,471.00,479.50,456.00,456.00,90200,410.87
2008-06-05,477.75,477.75,456.40,470.00,298000,423.49
2008-06-04,487.10,503.00,474.05,475.15,465100,428.13
2008-06-03,476.15,499.80,476.15,487.00,334300,438.81
2008-06-02,507.50,516.00,485.50,486.70,178200,438.54
2008-05-30,505.00,517.75,501.00,504.15,189300,454.26
2008-05-29,519.70,524.00,496.10,507.90,452600,457.64
2008-05-28,487.95,522.00,482.05,517.25,451300,466.06
2008-05-27,480.00,492.00,471.50,488.00,225500,439.71
2008-05-26,491.00,497.90,469.00,471.20,557000,424.57
2008-05-23,512.50,521.25,495.00,503.20,167800,453.40
2008-05-22,510.00,538.05,505.25,512.20,484500,461.51
2008-05-21,500.10,519.10,498.00,515.00,189600,464.04
2008-05-20,516.00,523.95,503.00,507.20,374000,457.01
2008-05-16,492.00,518.00,492.00,512.00,703100,461.33
2008-05-15,481.00,492.40,481.00,489.60,372200,441.15
2008-05-14,466.00,483.45,457.80,481.00,376000,433.40
2008-05-13,462.05,481.00,460.15,463.00,363300,417.18
2008-05-12,437.00,465.95,437.00,456.85,342800,411.64
2008-05-09,469.00,473.80,445.15,445.15,346400,401.10
2008-05-08,455.05,473.45,447.10,465.40,324600,419.34
2008-05-07,453.00,462.70,451.00,461.00,367100,415.38
2008-05-06,452.90,461.15,450.15,452.00,595800,407.27
2008-05-05,448.00,456.95,442.30,453.00,365200,408.17
2008-05-02,456.95,456.95,431.00,438.80,897700,395.38
2008-04-30,450.00,457.80,435.00,440.00,456700,396.46
2008-04-29,422.00,450.00,422.00,448.00,276200,403.67
2008-04-28,426.00,433.80,421.05,424.00,120600,382.04
2008-04-25,426.00,433.00,417.00,427.00,144800,384.74
2008-04-24,426.00,433.05,411.50,425.00,530600,382.94
2008-04-23,409.00,425.85,406.00,423.00,213900,381.14
2008-04-22,423.90,423.90,402.40,405.95,182100,365.78
2008-04-21,406.90,425.90,405.05,421.10,197700,379.43
2008-04-17,402.70,405.80,396.10,399.00,177600,359.52
2008-04-16,387.00,400.95,387.00,394.00,93300,355.01
2008-04-15,385.05,394.00,382.00,386.15,98600,347.94
2008-04-11,388.00,395.95,385.05,392.80,75000,353.93
2008-04-10,380.00,392.90,378.05,380.00,153200,342.40
2008-04-09,386.00,404.80,383.10,384.15,278300,346.14
2008-04-08,382.50,396.90,380.00,391.00,113200,352.31
2008-04-07,380.00,386.00,379.05,380.00,65400,342.40
2008-04-04,376.05,388.80,376.00,380.00,114300,342.40
2008-04-03,380.00,385.95,365.00,376.00,140900,338.79
2008-04-02,388.00,398.80,376.00,380.00,54300,342.40
2008-04-01,378.00,382.00,366.10,382.00,75500,344.20
2008-03-31,355.00,402.00,340.00,377.20,642300,339.87
2008-03-28,340.00,368.65,340.00,361.40,153600,325.64
2008-03-27,349.80,354.90,333.00,336.80,666200,303.47
2008-03-26,341.00,361.80,340.00,358.00,594600,322.57
2008-03-25,342.50,352.00,334.00,341.10,444500,307.35
2008-03-19,359.70,359.70,340.20,347.50,364100,313.11
2008-03-18,355.00,358.00,341.10,349.95,234900,315.32
2008-03-14,365.00,381.85,365.00,374.00,233300,336.99
2008-03-13,391.00,396.00,362.00,362.00,328800,326.18
2008-03-12,410.00,416.70,392.00,392.00,77200,353.21
2008-03-11,406.00,412.00,396.05,401.00,194900,361.32
2008-03-10,395.00,418.70,390.00,405.05,230500,364.97
2008-03-07,392.15,414.85,387.10,403.20,458800,363.30
2008-03-05,393.15,406.00,390.00,400.15,99200,360.55
2008-03-04,406.00,409.70,390.05,402.65,145600,362.80
2008-03-03,415.00,420.10,402.00,409.00,127900,368.53
2008-02-29,425.00,430.00,405.00,420.00,304400,378.44
2008-02-28,439.00,442.95,417.20,421.50,602200,379.79
2008-02-27,428.00,444.00,422.40,438.00,421200,394.66
2008-02-26,438.55,448.00,421.10,423.00,181100,381.14
2008-02-25,435.55,440.00,407.10,436.00,186300,392.85
2008-02-22,440.00,440.00,420.00,427.80,113300,385.47
2008-02-21,429.00,441.90,427.00,437.00,300300,393.76
2008-02-20,433.25,450.85,415.55,420.00,591500,378.44
2008-02-19,452.00,466.80,419.00,436.00,389700,392.85
2008-02-18,398.00,428.85,393.50,423.05,337800,381.19
2008-02-15,375.00,399.00,375.00,392.00,123000,353.21
2008-02-14,389.00,394.00,373.15,386.15,486700,347.94
2008-02-13,376.10,389.00,370.00,373.60,125100,336.63
2008-02-12,396.05,405.00,369.00,370.00,143600,333.39
2008-02-11,412.90,412.90,377.00,392.00,256400,353.21
2008-02-08,420.00,429.40,394.00,406.20,178700,366.00
2008-02-07,434.00,443.80,414.00,415.20,87300,374.11
2008-02-06,429.95,452.10,417.40,434.00,252300,391.05
2008-02-05,415.00,447.00,410.50,445.00,464200,400.96
2008-02-04,408.00,422.90,408.00,420.10,178600,375.37
2008-02-01,409.00,410.00,395.10,400.05,432200,357.46
2008-01-31,398.90,429.00,380.00,395.00,838100,352.95
2008-01-30,416.00,422.50,384.00,386.00,586900,344.90
2008-01-29,415.00,437.50,400.20,415.15,326900,370.95
2008-01-28,390.00,412.45,345.00,409.45,348400,365.86
2008-01-25,340.00,394.50,325.00,390.00,369700,348.48
2008-01-24,393.50,393.50,315.00,330.00,765500,294.87
2008-01-23,369.00,390.00,338.00,360.10,467600,321.76
2008-01-22,350.00,360.10,290.00,324.80,827500,290.22
2008-01-21,450.00,454.00,315.15,360.00,545900,321.67
2008-01-18,472.00,477.00,445.00,449.95,204700,402.05
2008-01-17,451.10,486.90,451.10,472.00,319700,421.75
2008-01-16,491.00,493.00,466.00,474.10,352200,423.62
2008-01-15,512.00,512.00,499.00,501.05,163600,447.71
2008-01-14,509.25,529.90,490.00,503.00,180200,449.45
2008-01-11,494.00,498.50,483.10,496.50,136800,443.64
2008-01-10,520.00,524.00,482.00,485.00,605300,433.36
2008-01-09,520.00,625.80,511.35,518.95,151000,463.70
2008-01-08,533.25,539.40,512.00,521.00,196100,465.53
2008-01-07,534.20,549.75,522.50,527.40,364900,471.25
2008-01-04,541.90,554.40,534.00,535.50,543600,478.49
2008-01-03,520.15,547.00,520.15,536.00,116000,478.93
2008-01-02,557.40,557.40,532.00,543.90,234100,485.99
2008-01-01,545.00,567.00,545.00,553.05,106700,494.17
2007-12-31,565.00,571.55,550.00,557.00,208900,497.70
2007-12-28,550.00,571.00,550.00,555.50,462800,496.36
2007-12-27,544.00,559.30,529.00,554.90,2644400,495.82
2007-12-26,514.00,543.50,508.55,541.50,470100,483.85
2007-12-24,504.80,517.00,504.00,510.10,194400,455.79
2007-12-20,509.90,509.90,492.00,500.00,141700,446.77
2007-12-19,565.00,565.00,490.15,498.00,389800,444.98
2007-12-18,511.00,514.75,491.10,504.00,271500,450.34
2007-12-17,515.75,536.50,500.10,507.15,810800,453.16
2007-12-14,528.80,529.90,513.30,523.00,412100,467.32
2007-12-13,490.00,534.40,490.00,527.70,2265600,471.52
2007-12-12,495.85,503.70,485.15,488.10,309000,436.13
2007-12-11,491.00,504.85,491.00,493.00,466400,440.51
2007-12-10,496.95,499.80,488.50,490.30,188500,438.10
2007-12-07,490.00,502.00,485.65,488.10,392400,436.13
2007-12-06,503.25,509.00,480.90,486.00,613600,434.26
2007-12-05,497.00,506.00,491.00,498.00,370000,444.98
2007-12-04,510.10,512.90,495.00,498.10,176800,445.07
2007-12-03,500.00,510.00,490.00,508.90,449000,454.72
2007-11-30,475.00,500.95,466.00,493.15,484800,440.65
2007-11-29,494.00,501.40,465.10,468.10,541700,418.26
2007-11-28,505.00,507.50,481.50,482.40,1201800,431.04
2007-11-27,475.50,502.00,471.15,502.00,1156100,448.55
2007-11-26,468.00,482.90,468.00,478.00,585500,427.11
2007-11-23,455.00,469.90,449.00,466.00,563800,416.39
2007-11-22,471.05,483.95,435.05,445.10,508900,397.71
2007-11-21,522.00,522.00,463.25,479.90,535400,428.81
2007-11-20,518.00,528.90,511.20,519.00,838700,463.74
2007-11-19,520.00,522.85,513.00,517.20,257300,462.14
2007-11-16,522.90,525.90,509.75,519.75,298500,464.41
2007-11-15,519.95,533.00,507.10,522.00,599800,466.43
2007-11-14,512.00,520.00,507.05,514.00,647300,459.28
2007-11-13,479.00,512.00,476.05,505.50,1631300,451.68
2007-11-12,464.20,489.00,464.20,478.00,256000,427.11
2007-11-09,486.00,490.00,477.00,481.95,29300,430.64
2007-11-08,478.00,488.00,468.05,485.55,289500,433.86
2007-11-07,485.90,494.80,476.00,481.45,354300,430.19
2007-11-06,475.00,493.90,466.00,482.00,511600,430.68
2007-11-05,471.05,483.40,463.00,469.00,342400,419.07
2007-11-02,450.55,479.00,450.55,476.00,265600,425.32
2007-11-01,485.00,499.00,460.00,465.00,418500,415.49
2007-10-31,505.00,505.00,476.00,483.00,687600,431.58
2007-10-30,488.70,509.80,468.15,499.05,977000,445.92
2007-10-29,495.00,500.00,480.00,483.25,335000,431.80
2007-10-26,454.10,508.50,444.00,485.00,1504000,433.36
2007-10-25,453.20,462.00,435.30,452.00,885300,403.88
2007-10-24,424.00,459.75,418.00,450.00,966400,402.09
2007-10-23,407.00,424.30,406.00,421.00,567900,376.18
2007-10-22,380.00,410.00,375.00,399.40,354600,356.88
2007-10-19,399.00,411.90,387.55,393.20,544100,351.34
2007-10-18,418.80,437.60,388.00,388.00,898200,346.69
2007-10-17,400.00,439.90,370.00,413.90,813500,369.83
2007-10-16,410.00,425.00,406.00,417.00,1184700,372.60
2007-10-15,393.00,418.00,390.00,412.00,1084200,368.14
2007-10-12,368.00,396.00,368.00,392.45,1229800,350.67
2007-10-11,362.00,377.95,360.00,368.00,521000,328.82
2007-10-10,341.00,369.95,341.00,363.65,200200,324.93
2007-10-09,355.00,369.90,346.05,361.00,270800,322.57
2007-10-08,354.00,367.00,346.05,355.90,414200,318.01
2007-10-05,375.00,376.00,355.00,355.50,505200,317.65
2007-10-04,399.45,399.45,367.25,370.00,1061900,330.61
2007-10-03,351.00,391.00,346.00,380.35,1423200,339.86
2007-10-01,342.00,349.90,337.10,345.95,196000,309.12
2007-09-28,340.00,343.00,334.25,338.90,136000,302.82
2007-09-27,337.05,344.80,328.00,335.90,616300,300.14
2007-09-26,343.00,343.00,336.00,343.00,168700,306.48
2007-09-25,343.00,345.00,333.15,340.00,408100,303.80
2007-09-24,336.00,342.60,327.10,342.60,291300,306.13
2007-09-21,335.50,339.90,330.15,334.00,198400,298.44
2007-09-20,337.90,340.50,332.95,335.00,261800,299.33
2007-09-19,335.00,342.00,330.00,340.00,364900,303.80
2007-09-18,300.10,328.00,300.10,327.40,525100,292.54
2007-09-17,327.75,333.00,323.25,323.90,270500,289.42
2007-09-14,341.50,344.80,324.30,325.25,401200,290.62
2007-09-13,337.00,340.40,332.60,339.00,377700,302.91
2007-09-12,335.90,338.40,328.70,332.00,293300,296.65
2007-09-11,337.00,342.50,330.30,330.30,415200,295.13
2007-09-10,329.00,335.00,322.10,334.50,588400,298.89
2007-09-07,323.95,336.00,322.00,336.00,683000,300.23
2007-09-06,317.00,324.80,317.00,322.00,560000,287.72
2007-09-05,325.00,325.00,316.00,317.20,746000,283.43
2007-09-04,319.50,324.00,315.05,321.00,225800,286.82
2007-09-03,327.00,327.00,313.10,318.00,249800,284.14
2007-08-31,308.00,320.00,308.00,317.20,285300,283.43
2007-08-30,309.10,322.75,306.00,309.40,1184400,276.46
2007-08-29,299.90,307.90,291.00,307.00,319200,274.32
2007-08-28,300.00,306.80,295.00,302.00,347800,269.85
2007-08-27,294.00,301.50,291.25,299.35,230700,267.48
2007-08-24,292.00,305.00,272.75,291.50,370700,260.47
2007-08-23,288.00,293.70,277.00,285.00,577700,254.66
2007-08-22,291.00,291.00,271.00,284.00,329600,253.76
2007-08-21,289.00,298.00,276.00,281.00,232200,251.08
2007-08-20,310.00,310.00,281.15,287.75,606900,257.11
2007-08-17,313.50,318.95,276.00,296.10,932500,264.58
2007-08-16,316.00,324.80,312.00,313.50,310900,280.12
2007-08-14,337.05,342.00,331.10,331.10,256700,295.85
2007-08-13,341.90,343.00,334.00,338.00,151900,302.01
2007-08-10,336.25,341.00,327.70,337.30,434100,301.39
2007-08-09,351.40,358.00,339.00,341.10,570500,304.78
2007-08-08,342.90,352.90,339.05,348.15,903200,311.08
2007-08-07,339.00,343.00,337.00,340.70,639600,304.43
2007-08-06,333.90,338.50,328.00,336.85,158700,300.99
2007-08-03,337.00,341.30,330.00,336.20,285000,300.41
2007-08-02,334.00,339.10,331.00,336.30,378400,300.50
2007-08-01,321.00,338.00,321.00,330.00,528100,294.87
2007-07-31,337.00,344.50,337.00,341.25,190700,304.92
2007-07-30,330.05,346.70,330.00,334.10,504800,298.53
2007-07-27,328.10,339.90,320.00,330.30,307200,295.13
2007-07-26,335.00,340.50,334.15,336.10,413900,300.32
2007-07-25,333.00,344.00,333.00,334.10,209300,298.53
2007-07-24,342.00,351.00,337.00,340.45,270500,304.20
2007-07-23,328.00,340.00,326.00,337.65,216200,301.70
2007-07-20,339.00,339.00,327.30,329.80,535400,294.69
2007-07-19,344.00,344.00,335.00,337.45,188500,301.52
2007-07-18,335.00,341.95,330.00,333.45,352100,297.95
2007-07-17,345.00,349.80,335.00,336.70,403100,300.85
2007-07-16,349.70,352.90,342.30,344.10,363000,307.47
2007-07-13,348.05,354.00,344.00,347.25,467300,310.28
2007-07-12,333.65,348.90,332.00,346.65,1809600,309.74
2007-07-11,334.80,336.75,328.30,329.90,246200,294.78
2007-07-10,332.00,341.95,332.00,333.85,204800,298.31
2007-07-09,343.00,346.00,335.55,337.20,214400,297.28
2007-07-06,349.40,349.40,336.30,339.10,190000,298.95
2007-07-05,351.00,353.85,334.05,342.00,247700,301.51
2007-07-04,353.00,356.00,344.05,350.95,558200,309.40
2007-07-03,354.00,358.00,346.10,347.95,309800,306.76
2007-07-02,357.00,369.00,347.20,350.80,843800,309.27
2007-06-29,348.45,362.45,340.00,356.40,1007100,314.21
2007-06-28,342.00,344.50,335.50,339.40,406800,299.22
2007-06-27,332.25,348.40,332.00,339.45,330300,299.26
2007-06-26,350.00,350.00,331.60,336.15,403100,296.35
2007-06-25,346.00,354.70,330.15,347.85,973500,306.67
2007-06-22,324.90,345.20,324.90,341.85,1388300,301.38
2007-06-21,311.00,332.90,311.00,323.70,696200,285.38
2007-06-20,311.00,315.70,307.00,313.25,637200,276.16
2007-06-19,305.20,313.00,305.20,310.15,567400,273.43
2007-06-18,298.10,307.70,295.25,304.30,561400,268.27
2007-06-15,301.50,306.90,295.00,298.65,978900,263.29
2007-06-14,294.35,299.85,289.05,296.60,627600,261.49
2007-06-13,287.90,296.90,285.10,290.80,344400,256.37
2007-06-12,296.10,296.10,279.00,288.60,477400,254.43
2007-06-11,260.00,301.15,260.00,290.85,525200,256.42
2007-06-08,290.00,291.00,282.00,287.00,408900,253.02
2007-06-07,290.00,303.30,287.00,294.50,461100,259.63
2007-06-06,293.00,301.90,290.05,292.00,1025200,257.43
2007-06-05,298.95,300.00,292.00,295.55,404800,260.56
2007-06-04,295.85,302.00,294.10,299.30,729500,263.87
2007-05-31,286.00,307.20,285.00,301.60,2016700,265.89
2007-05-30,281.70,290.00,272.60,285.40,667600,251.61
2007-05-29,262.00,293.75,262.00,289.70,1272500,255.40
2007-05-28,262.35,266.30,256.00,263.05,405200,231.91
2007-05-25,259.00,263.50,254.00,255.25,486700,225.03
2007-05-24,255.00,268.00,251.40,262.65,439000,231.55
2007-05-23,254.35,256.60,249.10,255.50,282500,225.25
2007-05-22,256.85,256.85,249.00,250.35,135800,220.71
2007-05-21,254.20,259.90,250.45,252.10,202300,222.25
2007-05-18,255.00,259.90,253.55,256.15,139500,225.82
2007-05-17,264.00,264.00,256.25,257.75,148600,227.24
2007-05-16,258.95,264.80,256.20,259.75,125800,229.00
2007-05-15,258.25,262.85,256.00,259.75,109300,229.00
2007-05-14,265.00,265.80,260.00,260.90,100400,230.01
2007-05-11,257.20,262.90,255.00,260.70,156000,229.84
2007-05-10,258.65,267.40,256.50,261.95,471500,230.94
2007-05-09,251.50,258.95,249.50,257.00,237000,226.57
2007-05-08,256.10,258.50,255.95,256.10,183800,225.78
2007-05-07,260.95,262.80,255.55,256.20,322600,225.87
2007-05-04,261.20,264.95,255.50,256.70,660200,226.31
2007-05-03,249.00,262.50,249.00,260.35,781700,229.53
2007-04-30,242.00,251.00,236.00,247.10,345900,217.85
2007-04-27,242.65,246.90,239.50,240.00,281100,211.59
2007-04-26,243.50,247.00,241.50,242.65,474500,213.92
2007-04-24,242.00,245.80,239.30,244.55,153200,215.60
2007-04-23,242.00,246.80,239.30,242.25,324500,213.57
2007-04-20,240.00,243.00,239.30,241.30,138200,212.73
2007-04-19,230.05,241.80,230.05,239.65,203400,211.28
2007-04-18,242.10,243.90,236.05,239.70,310000,211.32
2007-04-17,224.80,242.80,224.80,240.05,773200,211.63
2007-04-16,224.80,231.00,223.45,229.65,446500,202.46
2007-04-13,230.00,233.50,223.10,226.05,446800,199.29
2007-04-12,220.00,229.95,215.10,228.35,905800,201.32
2007-04-11,207.00,224.80,207.00,219.10,502000,193.16
2007-04-10,211.00,211.00,208.00,208.15,202100,183.51
2007-04-09,215.00,217.90,209.30,210.80,174500,185.84
2007-04-05,209.90,213.00,205.15,208.65,376300,183.95
2007-04-04,201.00,206.50,201.00,204.10,333300,179.94
2007-04-03,203.00,203.00,200.00,200.65,166200,176.90
2007-04-02,198.15,202.80,195.00,201.15,118700,177.34
2007-03-30,205.00,205.00,201.35,202.95,411600,178.92
2007-03-29,203.00,208.50,199.00,201.75,1009400,177.86
2007-03-28,199.00,202.50,197.70,201.25,520200,177.42
2007-03-26,198.00,200.50,197.15,199.00,243300,175.44
2007-03-23,198.90,199.75,194.00,197.65,186300,174.25
2007-03-22,195.50,196.70,194.00,195.30,235700,172.18
2007-03-21,194.55,195.00,192.50,192.95,174200,170.11
2007-03-20,191.00,195.40,191.00,193.90,159700,170.94
2007-03-19,196.00,196.00,185.00,191.25,401500,168.61
2007-03-16,202.00,202.00,190.25,193.65,541700,170.72
2007-03-15,200.00,205.00,193.00,199.15,271600,175.57
2007-03-14,196.00,197.50,190.00,197.20,111500,173.85
2007-03-13,198.00,199.50,195.70,199.05,109700,175.48
2007-03-12,196.00,199.75,196.00,197.65,163700,174.25
2007-03-09,196.10,201.00,194.30,195.65,1176500,172.49
2007-03-08,199.00,199.00,191.70,194.75,262400,171.69
2007-03-07,200.00,203.70,195.10,196.65,158800,173.37
2007-03-06,199.40,205.00,196.60,199.60,114700,175.97
2007-03-05,200.00,201.00,195.25,199.10,296400,175.53
2007-03-02,203.10,206.70,202.00,203.30,264500,179.23
2007-03-01,205.70,208.75,204.00,205.05,751800,180.77
2007-02-28,205.00,213.00,195.00,208.45,464000,183.77
2007-02-27,206.15,209.50,206.00,207.90,168300,183.29
2007-02-26,209.00,210.00,206.00,208.30,150700,183.64
2007-02-23,206.00,210.85,203.70,207.75,664300,183.15
2007-02-22,212.00,230.00,203.10,207.05,1180400,182.54
2007-02-21,207.10,212.90,206.95,209.45,620500,184.65
2007-02-20,215.70,216.50,208.00,208.30,590200,183.64
2007-02-15,207.90,215.60,206.00,214.90,840200,189.46
2007-02-14,202.00,207.00,202.00,205.10,215800,180.82
2007-02-13,208.00,209.50,203.00,207.00,255000,182.49
2007-02-12,208.00,210.50,203.00,207.00,469900,182.49
2007-02-09,214.00,215.00,209.25,211.00,1027400,186.02
2007-02-08,204.00,214.10,202.60,212.20,703400,187.08
2007-02-07,204.80,206.60,202.10,203.45,336700,179.36
2007-02-06,207.00,207.90,202.15,203.55,249400,179.45
2007-02-05,201.10,208.50,201.10,206.55,115000,182.10
2007-02-02,209.00,210.40,205.05,205.45,166800,181.13
2007-02-01,205.05,208.65,205.05,207.50,82600,182.93
2007-01-31,211.20,211.90,208.00,209.20,123700,184.43
2007-01-29,215.95,218.00,208.80,209.70,503900,184.87
2007-01-25,209.00,216.80,207.30,214.95,998800,189.50
2007-01-24,206.00,210.80,205.55,206.95,263000,182.45
2007-01-23,210.20,212.70,206.05,206.70,206700,182.23
2007-01-22,212.90,212.95,208.50,209.25,227000,184.48
2007-01-19,207.50,216.50,207.50,211.25,239300,186.24
2007-01-18,216.00,219.75,213.50,214.50,313600,189.11
2007-01-17,221.00,221.00,214.00,214.85,250300,189.41
2007-01-16,224.30,224.95,216.70,220.20,316300,194.13
2007-01-15,223.80,225.45,222.00,223.95,329300,197.44
2007-01-12,225.10,227.00,222.05,222.50,392600,196.16
2007-01-11,225.00,227.00,220.60,224.85,287200,198.23
2007-01-10,226.50,228.50,224.00,225.10,315300,198.45
2007-01-09,224.70,229.00,223.15,228.05,833000,201.05
2007-01-08,224.70,226.80,222.00,223.10,577100,196.69
2007-01-05,225.25,229.00,218.10,224.95,1184400,198.32
2007-01-04,223.50,226.40,220.05,224.95,1316900,198.32
2007-01-03,215.00,223.90,214.00,220.90,1756600,194.75
2007-01-02,203.80,216.40,202.80,212.45,768900,187.30
2006-12-29,204.00,204.50,200.50,200.95,203000,177.16
2006-12-28,204.00,205.00,198.80,201.25,944000,177.42
2006-12-27,205.00,207.50,202.10,203.65,382900,179.54
2006-12-26,207.10,208.90,203.00,203.95,443900,179.80
2006-12-22,207.00,210.25,205.00,208.45,311300,183.77
2006-12-21,219.95,219.95,203.55,206.25,358500,181.83
2006-12-20,206.25,210.90,202.50,209.30,479300,184.52
2006-12-19,209.50,211.40,204.00,205.15,498600,180.86
2006-12-18,210.90,213.75,205.25,208.85,209700,184.12
2006-12-15,219.00,220.70,208.60,209.90,310600,185.05
2006-12-14,206.00,219.60,205.20,217.65,572300,191.88
2006-12-13,201.10,208.00,195.20,205.25,560700,180.95
2006-12-12,211.00,219.00,191.00,201.20,786600,177.38
2006-12-11,224.05,224.80,210.00,214.40,665300,189.02
2006-12-08,227.00,227.05,217.55,222.75,972900,196.38
2006-12-07,230.60,232.80,225.25,226.95,472300,200.08
2006-12-06,227.80,233.10,226.75,230.30,1439600,203.03
2006-12-05,221.15,227.90,219.70,226.55,1086100,199.73
2006-12-04,219.00,224.40,217.95,220.45,879400,194.35
2006-12-01,221.00,224.90,215.35,217.10,1024200,191.40
2006-11-30,217.00,227.50,212.10,218.55,2956000,192.68
2006-11-29,227.00,229.40,213.00,214.10,1729900,188.75
2006-11-28,220.00,229.45,212.15,225.60,1549500,198.89
/*email to provide support at vancekingsaxbe@powerdominionenterprise.com, businessaffairs@powerdominionenterprise.com, For donations please write to fundraising@powerdominionenterprise.com*/