Date,Open,High,Low,Close,Volume,Adj Close
2012-07-20,192.00,193.95,190.25,190.60,23100,190.70
2012-07-20,192.00,193.95,190.25,190.70,23100,190.70
2012-07-19,194.00,195.50,191.00,191.00,47700,191.00
2012-07-18,190.20,194.45,189.65,193.00,33800,193.00
2012-07-17,196.00,196.00,191.00,191.00,31100,191.00
2012-07-16,195.95,195.95,192.60,194.00,55900,194.00
2012-07-13,195.00,196.30,193.55,194.70,73900,194.70
2012-07-12,192.00,196.50,191.00,195.00,181700,195.00
2012-07-11,196.00,198.80,193.05,194.00,396600,194.00
2012-07-10,188.00,196.20,188.00,194.15,867800,194.15
2012-07-09,190.60,192.40,187.70,188.00,82500,188.00
2012-07-06,192.40,197.00,191.00,191.75,203200,191.75
2012-07-05,195.50,195.55,192.05,193.25,136300,193.25
2012-07-04,189.80,196.65,188.50,194.60,346100,194.60
2012-07-03,189.95,190.55,187.50,187.80,77000,187.80
2012-07-02,186.20,190.25,183.05,188.35,213200,188.35
2012-06-29,190.00,190.00,184.35,184.60,165900,184.60
2012-06-28,187.00,190.75,185.60,186.75,218400,186.75
2012-06-27,181.00,186.55,177.40,186.35,233800,186.35
2012-06-26,180.60,181.90,175.25,178.05,522900,178.05
2012-06-25,182.00,184.00,180.05,180.50,41600,180.50
2012-06-22,181.60,183.45,181.10,181.50,66900,181.50
2012-06-21,186.00,186.00,183.10,183.20,139400,183.20
2012-06-20,186.70,186.70,180.55,184.90,1198800,184.90
2012-06-19,182.00,183.75,180.60,181.70,115700,181.70
2012-06-18,176.65,186.00,176.65,182.00,182400,182.00
2012-06-15,177.90,184.85,176.25,182.05,647200,182.05
2012-06-14,174.10,175.50,172.15,174.55,167900,174.55
2012-06-13,175.00,175.30,172.10,173.50,44600,173.50
2012-06-12,170.85,177.90,170.85,174.00,129500,174.00
2012-06-11,172.45,175.75,171.30,175.00,114200,175.00
2012-06-08,172.00,172.95,169.15,170.00,149700,170.00
2012-06-07,173.05,175.65,171.05,171.80,82600,171.80
2012-06-06,170.55,173.70,168.00,173.05,184100,173.05
2012-06-05,169.95,175.00,167.20,169.00,60300,169.00
2012-06-01,176.15,180.00,174.00,175.20,127900,175.20
2012-05-31,178.45,180.50,173.60,179.20,158400,179.20
2012-05-30,178.05,182.90,177.00,178.45,273300,178.45
2012-05-29,173.00,181.90,171.70,178.00,447700,178.00
2012-05-28,169.85,174.00,167.05,173.65,396000,173.65
2012-05-25,162.05,165.70,162.00,164.00,37300,164.00
2012-05-24,162.10,164.65,160.50,162.50,38600,162.50
2012-05-23,164.50,165.10,161.00,162.50,55900,162.50
2012-05-22,175.00,175.00,163.70,163.70,31700,163.70
2012-05-21,166.90,169.00,163.75,167.00,64700,167.00
2012-05-18,161.15,169.00,158.15,166.10,244200,166.10
2012-05-17,161.00,165.50,160.00,164.00,93000,164.00
2012-05-16,161.50,161.90,158.05,159.50,113500,159.50
2012-05-14,175.45,175.45,161.50,168.00,158000,168.00
2012-05-11,167.85,171.00,166.10,168.45,91400,168.45
2012-05-10,173.00,174.85,170.05,170.25,100400,170.25
2012-05-09,174.20,176.85,167.60,175.00,217800,175.00
2012-05-08,178.10,179.95,173.40,174.85,98200,174.85
2012-05-07,175.90,179.50,173.00,177.00,114000,177.00
2012-05-04,176.10,179.05,175.55,177.30,140500,177.30
2012-05-03,185.45,185.90,178.10,179.90,257300,179.90
2012-05-02,186.10,188.45,183.20,184.40,51900,184.40
2012-04-30,187.00,189.30,183.40,186.20,79900,186.20
2012-04-27,178.55,185.00,178.15,183.15,103700,183.15
2012-04-26,180.20,181.80,178.10,180.85,185300,180.85
2012-04-25,178.75,180.90,174.05,180.90,150100,180.90
2012-04-24,177.75,181.80,177.00,180.80,211200,180.80
2012-04-23,183.05,185.30,178.05,178.40,217200,178.40
2012-04-20,184.85,188.70,176.40,182.00,231000,182.00
2012-04-19,188.25,189.85,186.60,187.35,67600,187.35
2012-04-18,188.50,191.70,187.15,188.10,288500,188.10
2012-04-17,183.00,190.35,181.10,188.05,308100,188.05
2012-04-16,183.00,186.30,183.00,183.35,54100,183.35
2012-04-13,189.50,191.60,184.00,184.10,60300,184.10
2012-04-12,188.00,191.50,186.10,186.15,240300,186.15
2012-04-11,185.30,192.40,184.00,189.00,226900,189.00
2012-04-10,188.55,190.95,185.25,187.00,90000,187.00
2012-04-09,192.95,194.00,188.00,190.40,114000,190.40
2012-04-04,192.00,195.60,191.55,194.00,177800,194.00
2012-04-03,191.00,196.40,188.95,193.00,256400,193.00
2012-04-02,183.00,190.30,182.10,189.25,201900,189.25
2012-03-30,177.65,183.75,177.65,181.20,172600,181.20
2012-03-29,175.10,182.25,172.75,180.00,456600,180.00
2012-03-28,177.60,181.95,174.50,179.00,241600,179.00
2012-03-27,175.75,179.80,174.50,176.50,163500,176.50
2012-03-26,178.00,179.00,173.30,174.65,92900,174.65
2012-03-23,174.90,180.80,172.30,176.55,403400,176.55
2012-03-21,178.20,187.00,178.20,187.00,126600,187.00
2012-03-20,179.95,184.70,178.65,181.90,149400,181.90
2012-03-19,180.15,184.80,178.20,179.45,251000,179.45
2012-03-16,188.00,189.95,180.05,183.25,475700,183.25
2012-03-15,192.00,195.65,186.20,186.20,187900,186.20
2012-03-14,200.00,200.70,192.05,193.30,348900,193.30
2012-03-13,198.00,202.90,196.30,197.00,189900,197.00
2012-03-12,194.50,199.35,191.35,197.70,173200,197.70
2012-03-09,190.10,194.85,190.10,193.20,326700,193.20
2012-03-07,188.00,192.85,184.00,190.00,434400,190.00
2012-03-06,193.65,199.70,186.00,189.00,407000,189.00
2012-03-05,196.15,198.00,193.10,195.00,327300,195.00
2012-03-02,200.85,203.40,193.25,194.45,616600,194.45
2012-03-01,206.00,209.00,199.15,199.55,739300,199.55
2012-02-29,209.00,212.50,199.25,204.00,1007900,204.00
2012-02-28,195.00,209.30,195.00,208.00,1773600,208.00
2012-02-27,192.00,195.00,187.00,194.50,522700,194.50
2012-02-24,184.55,192.90,184.00,191.00,226200,191.00
2012-02-23,189.60,192.00,183.00,187.90,602200,187.90
2012-02-22,196.00,197.35,183.25,191.00,666500,191.00
2012-02-21,195.75,199.00,193.00,195.20,355300,195.20
2012-02-17,192.90,198.70,190.55,195.10,1032000,195.10
2012-02-16,188.00,206.00,184.10,190.25,3808900,190.25
2012-02-15,179.60,189.60,178.20,188.00,671900,188.00
2012-02-14,181.25,182.00,176.70,179.50,73500,179.50
2012-02-13,184.00,184.90,177.45,179.70,618300,179.70
2012-02-10,178.65,184.95,176.20,182.55,353500,182.55
2012-02-09,175.50,179.00,175.50,176.10,71200,176.10
2012-02-08,176.20,177.80,173.25,176.15,537300,176.15
2012-02-07,180.00,184.25,173.30,173.50,406600,173.50
2012-02-06,179.05,181.35,176.60,181.35,429600,181.35
2012-02-03,177.90,178.00,173.30,175.95,437600,175.95
2012-02-02,177.50,180.00,175.55,177.35,624800,177.35
2012-02-01,183.95,183.95,176.00,177.70,1076300,177.70
2012-01-31,181.60,184.65,175.00,179.05,394900,179.05
2012-01-30,186.00,186.00,176.35,181.10,123900,181.10
2012-01-27,187.80,188.45,181.05,185.50,119800,185.50
2012-01-25,179.00,186.80,179.00,186.50,249200,186.50
2012-01-24,179.00,181.50,179.00,180.50,131100,180.50
2012-01-23,181.50,183.70,178.00,179.50,262400,179.50
2012-01-20,179.00,182.85,178.00,180.00,174300,180.00
2012-01-19,177.80,180.25,176.00,180.10,151200,180.10
2012-01-18,177.00,183.45,175.00,176.30,314900,176.30
2012-01-17,172.00,176.65,172.00,175.00,91900,175.00
2012-01-16,172.00,173.85,169.10,170.35,78100,170.35
2012-01-13,173.60,176.40,170.80,171.25,180000,171.25
2012-01-12,169.10,177.15,169.10,173.50,122900,173.50
2012-01-11,168.95,173.90,167.15,171.50,136800,171.50
2012-01-10,166.95,171.40,166.20,169.00,119000,169.00
2012-01-06,172.15,174.00,166.75,168.50,158400,168.50
2012-01-05,174.90,176.80,173.55,174.10,155600,174.10
2012-01-04,172.90,179.90,172.05,172.10,280300,172.10
2012-01-03,163.00,172.70,163.00,172.00,179200,172.00
2012-01-02,163.30,165.25,160.25,162.00,70600,162.00
2011-12-30,161.20,168.90,159.00,164.00,243000,164.00
2011-12-29,157.35,165.50,157.35,163.50,90100,163.50
2011-12-28,161.90,163.40,157.55,163.35,136800,163.35
2011-12-27,162.40,165.00,160.00,160.00,81400,160.00
2011-12-26,158.35,165.85,156.00,165.05,104600,165.05
2011-12-23,163.90,165.30,158.30,160.50,88500,160.50
2011-12-22,157.00,165.00,155.05,163.10,105800,163.10
2011-12-21,158.00,160.05,151.30,158.00,130800,158.00
2011-12-20,160.00,162.95,155.50,155.65,254400,155.65
2011-12-19,162.00,162.45,154.10,158.00,364100,158.00
2011-12-16,169.00,172.65,164.15,165.80,70100,165.80
2011-12-15,173.00,173.00,167.25,169.60,147500,169.60
2011-12-14,174.20,176.80,172.00,173.00,195500,173.00
2011-12-13,169.50,176.70,168.05,174.70,94600,174.70
2011-12-12,180.00,180.95,168.95,171.30,184100,171.30
2011-12-09,180.00,180.50,177.40,177.50,73800,177.50
2011-12-08,182.00,184.70,179.20,180.50,401100,180.50
2011-12-07,179.85,184.70,178.20,182.00,336000,182.00
2011-12-05,180.55,181.65,177.00,177.75,106100,177.75
2011-12-02,178.00,182.20,176.20,181.45,246000,181.45
2011-12-01,179.00,183.95,172.50,177.00,174100,177.00
2011-11-30,178.05,178.85,172.50,178.30,105800,178.30
2011-11-29,179.00,183.40,175.30,177.00,204100,177.00
2011-11-28,176.20,181.30,176.20,179.00,134300,179.00
2011-11-25,170.00,179.45,170.00,176.00,183500,176.00
2011-11-24,164.85,174.95,163.05,173.00,468400,173.00
2011-11-23,163.55,171.00,160.35,164.90,308900,164.90
2011-11-22,170.00,170.00,163.25,166.00,464600,166.00
2011-11-21,178.90,179.00,161.20,169.70,656600,169.70
2011-11-18,178.95,181.00,175.10,179.85,175400,179.85
2011-11-17,175.00,181.00,172.00,180.10,203100,180.10
2011-11-16,178.15,180.40,172.50,176.95,198000,176.95
2011-11-15,181.00,183.90,174.25,180.30,389100,180.30
2011-11-14,185.25,189.35,180.85,181.00,589700,181.00
2011-11-11,182.15,189.95,181.40,185.00,184000,185.00
2011-11-09,185.05,193.20,185.05,187.10,416700,187.10
2011-11-08,191.95,192.70,185.00,186.00,185200,186.00
2011-11-04,191.00,191.40,186.55,189.50,174900,189.50
2011-11-03,187.95,191.25,187.05,189.00,932200,189.00
2011-11-02,187.00,193.20,184.45,187.30,1222100,187.30
2011-11-01,176.00,189.90,173.65,187.25,1195100,187.25
2011-10-31,177.00,179.75,175.25,175.50,137400,175.50
2011-10-28,178.20,180.80,176.00,176.80,231600,176.80
2011-10-26,175.00,176.80,173.00,176.10,24000,176.10
2011-10-25,172.25,175.00,171.05,174.00,260100,174.00
2011-10-24,178.00,183.30,172.00,174.50,162100,174.50
2011-10-21,178.00,182.00,174.15,174.15,73700,174.15
2011-10-20,181.50,181.90,177.10,177.60,140000,177.60
2011-10-19,178.50,186.00,177.05,185.30,878700,185.30
2011-10-18,163.60,178.65,161.25,175.50,892900,175.50
2011-10-17,166.40,166.40,161.20,165.20,71200,165.20
2011-10-14,163.70,164.95,160.30,164.00,116800,164.00
2011-10-13,165.25,167.60,162.10,163.35,48300,163.35
2011-10-12,164.25,166.00,162.35,166.00,69400,166.00
2011-10-11,164.90,167.85,161.50,162.00,75700,162.00
2011-10-10,155.15,166.00,155.15,164.65,352800,164.65
2011-10-07,160.10,164.15,157.30,158.40,266900,158.40
2011-10-05,161.50,164.70,156.15,158.75,206000,158.75
2011-10-04,166.85,174.00,158.05,161.10,387300,161.10
2011-10-03,165.10,167.05,161.00,164.00,258900,164.00
2011-09-30,179.95,182.55,165.50,169.95,738200,169.95
2011-09-29,177.90,179.55,170.50,178.00,171700,178.00
2011-09-28,180.00,183.00,174.10,175.50,208100,175.50
2011-09-27,173.00,179.50,173.00,179.40,182600,179.40
2011-09-26,170.95,178.25,170.15,173.00,119400,173.00
2011-09-23,177.85,178.00,173.00,177.50,450500,177.50
2011-09-22,170.25,182.45,170.25,180.10,517000,180.10
2011-09-21,180.00,183.80,178.50,182.10,560900,182.10
2011-09-20,176.45,180.00,175.65,179.40,491000,179.40
2011-09-19,171.45,177.65,168.00,175.10,431100,175.10
2011-09-16,177.50,182.65,166.05,173.50,1397300,173.50
2011-09-15,176.50,180.20,176.50,176.50,123500,176.50
2011-09-14,180.05,180.45,174.05,177.40,469000,177.40
2011-09-13,179.80,185.00,177.85,179.80,307300,179.80
2011-09-12,181.95,181.95,175.50,176.15,180400,176.15
2011-09-09,189.95,189.95,177.00,179.10,362100,179.10
2011-09-08,186.70,188.95,184.10,186.00,325200,186.00
2011-09-07,193.90,194.10,185.05,185.20,273700,185.20
2011-09-06,193.00,193.70,188.35,189.95,594500,189.95
2011-09-05,185.45,194.00,181.00,192.90,1505000,192.90
2011-09-02,181.00,187.85,180.00,186.35,753000,186.35
2011-08-30,181.85,181.85,176.25,179.15,183700,179.15
2011-08-29,179.40,180.70,176.60,178.05,242900,178.05
2011-08-26,176.00,182.80,173.55,173.55,557400,173.55
2011-08-25,179.05,183.80,177.50,179.50,991500,179.50
2011-08-24,180.50,181.40,175.20,179.00,991300,179.00
2011-08-23,167.00,184.95,165.00,179.00,1534100,179.00
2011-08-22,163.95,166.90,160.70,165.10,87200,165.10
2011-08-19,160.10,164.90,158.25,164.00,325700,164.00
2011-08-18,164.95,166.50,160.15,165.05,128000,165.05
2011-08-17,165.65,167.50,158.40,165.65,199900,165.65
2011-08-16,162.90,166.90,161.25,166.45,167900,166.45
2011-08-12,163.40,164.95,161.00,161.55,82000,161.55
2011-08-11,163.00,166.45,160.55,161.30,143100,161.30
2011-08-10,164.00,166.30,161.30,164.45,183400,164.45
2011-08-09,156.00,162.50,156.00,160.10,234700,160.10
2011-08-08,162.00,164.45,159.05,162.30,315000,162.30
2011-08-05,159.95,168.70,158.00,167.35,518000,167.35
2011-08-04,166.00,169.35,164.10,166.00,178100,166.00
2011-08-03,162.00,166.45,160.75,165.90,208700,165.90
2011-08-02,169.00,171.45,163.15,163.50,339000,163.50
2011-08-01,160.50,171.45,160.15,170.55,604400,170.55
2011-07-29,161.00,162.00,158.40,161.00,195800,161.00
2011-07-28,161.00,163.30,159.00,160.30,245200,160.30
2011-07-27,158.40,163.35,157.75,161.90,442700,161.90
2011-07-26,160.55,162.50,156.10,157.75,105200,157.75
2011-07-25,161.00,163.80,160.40,161.95,211800,161.95
2011-07-22,161.15,164.25,160.20,161.00,211300,161.00
2011-07-21,160.35,161.90,158.60,160.60,183400,160.60
2011-07-20,159.40,162.70,159.10,160.10,305300,160.10
2011-07-19,162.65,163.90,158.35,158.60,208800,158.60
2011-07-18,162.90,163.70,159.55,162.80,79100,162.80
2011-07-15,163.00,163.70,160.60,160.95,63300,160.95
2011-07-14,164.75,166.70,162.10,162.20,291400,162.20
2011-07-13,164.40,166.50,158.70,164.60,696300,164.60
2011-07-12,155.20,159.45,154.60,158.05,1005700,158.05
2011-07-11,157.00,158.90,156.10,156.10,155700,156.10
2011-07-08,165.00,165.00,155.00,158.25,821300,158.25
2011-07-07,161.00,164.00,160.50,162.30,1421900,162.30
2011-07-06,153.00,161.70,145.20,161.10,1819100,161.10
2011-07-05,155.00,155.25,152.45,154.30,423600,154.30
2011-07-04,156.80,158.10,153.55,155.00,256000,155.00
2011-07-01,150.60,156.35,150.60,156.25,494000,156.25
2011-06-30,155.00,155.00,149.00,150.85,494900,150.85
2011-06-29,148.75,155.35,148.20,152.55,842500,152.55
2011-06-28,150.00,150.00,146.45,148.85,104800,148.85
2011-06-27,150.00,150.90,147.65,148.00,108100,148.00
2011-06-24,147.00,150.65,146.60,150.00,803300,150.00
2011-06-23,146.95,149.00,143.30,147.35,178200,147.35
2011-06-22,146.00,149.25,143.15,146.50,445200,146.50
2011-06-21,143.20,146.80,139.50,146.20,287600,146.20
2011-06-20,145.50,145.50,140.25,142.20,206200,142.20
2011-06-17,144.30,148.55,144.30,144.80,514900,144.80
2011-06-16,143.55,147.55,141.65,147.25,402500,147.25
2011-06-15,145.00,146.50,144.40,145.10,107500,145.10
2011-06-14,146.80,146.80,144.35,145.10,169300,145.10
2011-06-13,145.10,146.70,144.25,145.90,113800,145.90
2011-06-10,149.50,149.50,145.80,146.35,199100,146.35
2011-06-09,151.85,151.90,148.05,148.50,630900,148.50
2011-06-08,145.05,151.90,145.05,149.70,694600,149.70
2011-06-07,144.10,146.65,142.70,146.25,186800,146.25
2011-06-06,147.30,147.80,144.30,144.50,129600,144.50
2011-06-03,145.50,150.25,145.10,147.00,473000,147.00
2011-06-02,143.00,146.20,143.00,146.00,191000,146.00
2011-06-01,145.50,146.50,144.50,145.00,299900,145.00
2011-05-31,146.95,147.45,143.50,144.00,660100,144.00
2011-05-30,141.00,147.15,140.20,145.00,909400,145.00
2011-05-27,132.60,140.35,132.60,139.75,136400,139.75
2011-05-26,137.50,139.50,137.50,139.50,217200,139.50
2011-05-25,137.60,138.70,137.00,138.00,188700,138.00
2011-05-24,137.10,140.50,136.70,138.15,161500,138.15
2011-05-23,139.00,139.00,137.00,137.05,78600,137.05
2011-05-20,137.10,141.40,137.10,139.80,122900,139.80
2011-05-19,137.20,138.75,136.00,137.60,149100,137.60
2011-05-18,140.00,140.90,137.00,137.35,137000,137.35
2011-05-17,136.25,141.00,136.00,140.00,256900,140.00
2011-05-16,136.25,137.90,136.05,137.20,120400,137.20
2011-05-13,137.00,139.00,135.10,137.00,233700,137.00
2011-05-12,140.10,141.50,136.60,136.70,164300,136.70
2011-05-11,138.10,142.90,138.10,141.80,301000,141.80
2011-05-10,137.55,139.20,136.50,138.35,376300,138.35
2011-05-09,133.60,138.35,133.60,138.00,267900,138.00
2011-05-06,138.80,138.80,134.70,136.35,170900,136.35
2011-05-05,135.85,139.25,135.75,137.00,729400,137.00
2011-05-04,136.00,137.75,134.15,137.00,189100,137.00
2011-05-03,140.45,140.75,137.55,137.55,449900,137.55
2011-05-02,141.00,143.50,139.25,139.75,579400,139.75
2011-04-29,143.05,143.40,139.00,139.25,164100,139.25
2011-04-28,144.00,144.00,140.25,142.55,421300,142.55
2011-04-27,143.40,143.90,141.00,142.55,322100,142.55
2011-04-26,140.55,143.30,140.00,143.00,172700,143.00
2011-04-25,141.00,143.40,139.80,141.70,189000,141.70
2011-04-21,143.00,144.00,141.15,142.25,204200,142.25
2011-04-20,143.80,143.80,139.50,143.00,221500,143.00
2011-04-19,139.95,143.10,138.65,142.50,303500,142.50
2011-04-18,145.00,145.35,139.90,140.25,460600,140.25
2011-04-15,141.00,145.00,139.25,143.70,800400,143.70
2011-04-13,139.00,140.90,137.90,140.00,209600,140.00
2011-04-11,137.80,141.90,137.20,139.50,268500,139.50
2011-04-08,141.25,142.00,137.80,137.80,227500,137.80
2011-04-07,139.10,146.50,137.15,141.60,856200,141.60
2011-04-06,140.70,141.70,137.70,138.10,196500,138.10
2011-04-05,140.95,141.30,138.30,139.70,321100,139.70
2011-04-04,139.95,141.85,138.20,139.50,551100,139.50
2011-04-01,135.25,139.90,134.65,139.50,470700,139.50
2011-03-31,136.90,137.45,134.55,135.25,156900,135.25
2011-03-30,133.50,137.90,133.50,137.90,347400,137.90
2011-03-29,133.95,135.50,132.20,133.30,221000,133.30
2011-03-28,137.35,138.40,133.30,133.30,327400,133.30
2011-03-25,139.00,139.00,136.00,136.05,249200,136.05
2011-03-24,137.05,139.00,135.05,137.25,418300,137.25
2011-03-23,137.50,137.90,135.30,135.60,343600,135.60
2011-03-22,133.50,138.90,133.30,135.25,996300,135.25
2011-03-21,130.35,133.45,127.55,132.50,464100,132.50
2011-03-18,128.00,132.80,127.25,128.25,774000,128.25
2011-03-17,131.00,131.10,127.40,128.60,217300,128.60
2011-03-16,124.10,132.30,124.10,130.35,1710500,130.35
2011-03-15,121.15,125.80,121.15,125.20,304200,125.20
2011-03-14,125.00,126.90,123.55,126.70,202400,126.70
2011-03-11,127.00,127.80,119.60,125.00,645600,125.00
2011-03-10,123.10,129.75,122.75,128.00,664500,128.00
2011-03-09,122.80,125.75,122.00,124.90,588100,124.90
2011-03-08,125.25,126.50,121.80,122.30,386800,122.30
2011-03-07,122.55,125.85,120.65,125.00,359300,125.00
2011-03-04,125.00,127.30,122.50,124.00,533600,124.00
2011-03-03,122.00,124.90,120.50,124.00,744400,124.00
2011-03-01,116.00,127.65,116.00,122.45,1680100,122.45
2011-02-28,109.00,115.90,109.00,115.20,415600,115.20
2011-02-25,113.90,113.95,107.00,109.65,350600,109.65
2011-02-24,113.90,114.35,108.00,112.90,419600,112.90
2011-02-23,113.20,114.40,109.00,113.15,213600,113.15
2011-02-22,116.25,117.10,112.35,113.35,324100,113.35
2011-02-21,113.35,116.95,110.50,116.65,189200,116.65
2011-02-18,117.00,119.00,112.90,113.30,230900,113.30
2011-02-17,116.95,119.80,116.50,117.20,216000,117.20
2011-02-16,116.90,116.90,115.00,115.60,146100,115.60
2011-02-15,116.80,118.25,112.35,115.60,329500,115.60
2011-02-14,113.20,115.80,112.15,115.30,182700,115.30
2011-02-11,110.15,112.00,105.50,111.50,645900,111.50
2011-02-10,105.50,111.50,101.50,110.40,498400,110.40
2011-02-09,111.50,114.35,102.50,104.30,276900,104.30
2011-02-08,117.95,117.95,111.75,112.45,213000,112.45
2011-02-07,118.00,118.35,115.65,116.25,147600,116.25
2011-02-04,121.85,122.55,117.00,117.55,224700,117.55
2011-02-03,119.50,121.70,118.00,120.95,104900,120.95
2011-02-02,120.35,121.40,118.30,119.00,96600,119.00
2011-02-01,122.40,122.50,117.30,118.60,163000,118.60
2011-01-31,119.20,123.95,116.85,121.95,160400,121.95
2011-01-28,124.60,124.60,119.20,121.25,234700,121.25
2011-01-27,129.50,129.70,122.25,124.25,440200,124.25
2011-01-25,132.60,133.30,128.15,128.20,196200,128.20
2011-01-24,133.40,134.70,131.40,132.50,286300,132.50
2011-01-21,128.60,133.90,128.05,133.00,186600,133.00
2011-01-20,126.65,130.70,126.00,128.55,203100,128.55
2011-01-19,127.30,130.00,127.05,129.30,137900,129.30
2011-01-18,127.10,127.60,126.35,127.20,81400,127.20
2011-01-17,126.50,126.80,124.50,126.10,155500,126.10
2011-01-14,129.75,130.40,125.00,125.15,289800,125.15
2011-01-13,130.50,132.95,127.15,130.25,328100,130.25
2011-01-12,128.50,131.20,126.00,130.90,350000,130.90
2011-01-11,127.00,129.40,126.05,129.00,352100,129.00
2011-01-10,119.00,133.40,119.00,126.90,287700,126.90
2011-01-07,136.60,137.40,130.50,130.65,325100,130.65
2011-01-06,137.05,137.50,134.30,135.15,221000,135.15
2011-01-05,137.10,139.60,135.50,136.50,267400,136.50
2011-01-04,141.45,141.90,136.65,138.00,495500,138.00
2011-01-03,140.70,142.20,139.35,140.80,530300,140.80
2010-12-31,141.05,141.90,138.00,140.25,473200,140.25
2010-12-30,134.40,141.70,133.20,139.50,1392500,139.50
2010-12-29,133.95,135.00,133.15,133.40,204100,133.40
2010-12-28,132.10,134.70,132.00,133.20,195300,133.20
2010-12-27,132.35,133.35,131.15,132.20,227200,132.20
2010-12-24,130.70,133.20,130.00,131.15,194400,131.15
2010-12-23,129.85,133.15,127.15,131.20,293000,131.20
2010-12-22,130.00,131.40,128.60,129.05,294100,129.05
2010-12-21,127.10,130.45,127.10,129.55,499200,129.55
2010-12-20,127.00,129.35,126.10,126.20,400000,126.20
2010-12-16,131.20,132.00,127.00,128.50,326900,128.50
2010-12-15,133.00,135.60,128.60,130.15,628500,130.15
2010-12-14,132.00,133.95,130.05,132.50,558100,132.50
2010-12-13,126.95,131.80,125.20,131.50,366600,131.50
2010-12-10,122.55,126.80,121.05,126.00,462000,126.00
2010-12-09,130.90,131.35,122.00,124.95,588900,124.95
2010-12-08,133.65,136.00,127.45,130.50,441700,130.50
2010-12-07,134.80,137.80,132.30,133.70,267800,133.70
2010-12-06,136.05,139.00,133.50,134.40,236000,134.40
2010-12-03,138.60,139.90,133.50,135.25,384100,135.25
2010-12-02,137.80,140.60,136.50,137.40,260600,137.40
2010-12-01,133.05,139.00,133.05,137.10,466700,137.10
2010-11-30,136.70,137.50,130.70,132.65,625000,132.65
2010-11-29,140.00,140.40,130.25,136.90,803600,136.90
2010-11-26,136.00,137.40,124.50,130.95,560000,130.95
2010-11-25,138.50,140.30,134.00,136.30,336900,136.30
2010-11-24,140.90,143.50,137.15,138.00,412500,138.00
2010-11-23,138.20,143.60,135.00,139.80,443600,139.80
2010-11-22,141.00,144.45,140.10,142.30,384000,142.30
2010-11-19,147.05,150.90,137.60,138.50,1084500,138.50
2010-11-18,141.00,148.45,134.20,145.95,1147800,145.95
2010-11-16,146.90,149.25,138.75,140.00,1050600,140.00
2010-11-15,148.55,149.75,143.00,146.25,333500,146.25
2010-11-12,155.00,156.45,147.60,148.10,615600,148.10
2010-11-11,159.30,163.40,153.75,154.55,812700,154.55
2010-11-10,161.00,164.40,158.10,158.65,743300,158.65
2010-11-09,164.65,165.75,159.85,160.75,648100,160.75
2010-11-08,172.00,172.00,162.40,163.25,2128700,163.25
2010-11-05,165.00,172.70,162.75,167.65,1953800,167.65
2010-11-04,141.00,171.00,140.55,165.60,13447100,165.60
2010-11-03,137.15,141.30,137.15,139.70,550500,139.70
2010-11-02,138.50,138.50,135.60,136.70,235300,136.70
2010-11-01,137.50,140.40,137.20,139.10,617700,139.10
2010-10-29,135.30,136.50,133.10,135.85,218400,135.85
2010-10-28,138.50,138.50,133.00,136.50,678700,136.50
2010-10-27,137.10,140.25,136.50,136.95,312700,136.95
2010-10-26,140.00,140.50,137.05,138.25,223300,138.25
2010-10-25,139.60,140.30,138.70,139.05,333900,139.05
2010-10-22,139.10,141.35,138.05,138.80,408600,138.80
2010-10-21,138.10,140.40,137.10,138.80,234400,138.80
2010-10-20,138.00,140.40,136.15,136.75,287000,136.75
2010-10-19,139.40,144.75,137.45,138.00,1101000,138.00
2010-10-18,138.05,139.00,133.00,139.00,271400,139.00
2010-10-15,141.95,142.25,136.05,137.70,530300,137.70
2010-10-14,142.00,146.50,139.45,141.20,1926600,141.20
2010-10-13,138.70,142.35,137.55,140.70,857800,140.70
2010-10-12,138.05,138.95,135.70,137.90,265500,137.90
2010-10-11,139.10,141.50,137.70,139.50,417600,139.50
2010-10-08,140.05,141.70,136.25,138.50,509000,138.50
2010-10-07,144.70,146.05,137.10,139.70,1008800,139.70
2010-10-06,142.00,145.45,136.25,145.05,2223600,145.05
2010-10-05,133.05,138.80,133.05,135.50,697700,135.50
2010-10-04,134.60,136.70,133.20,134.65,295400,134.65
2010-10-01,131.95,135.40,131.15,133.90,423000,133.90
2010-09-30,134.00,134.00,129.10,131.20,422900,131.20
2010-09-29,134.00,134.90,131.70,132.15,176100,132.15
2010-09-28,136.80,136.80,132.60,133.25,384800,133.25
2010-09-27,136.20,138.00,135.00,136.20,314500,136.20
2010-09-24,134.90,136.40,134.85,135.00,311300,135.00
2010-09-23,135.80,137.25,134.00,135.40,433900,135.40
2010-09-22,136.30,139.35,133.35,136.00,909600,136.00
2010-09-21,143.60,144.40,134.35,135.45,1376800,135.45
2010-09-20,133.00,145.75,131.55,141.15,1768500,141.15
2010-09-17,131.00,134.40,130.10,132.00,583400,132.00
2010-09-16,135.00,135.50,132.50,132.95,212300,130.45
2010-09-15,136.60,137.00,133.15,134.20,449300,131.68
2010-09-14,136.75,136.75,132.25,134.50,544500,131.97
2010-09-13,136.50,137.75,135.00,136.50,573300,133.93
2010-09-09,137.50,137.95,135.00,135.20,640900,132.66
2010-09-08,136.00,138.35,133.50,136.70,935300,134.13
2010-09-07,129.80,137.65,129.80,135.70,2652200,133.15
2010-09-06,127.40,130.40,126.60,130.00,974300,127.56
2010-09-03,123.00,126.50,122.00,126.10,594000,123.73
2010-09-02,122.00,122.80,120.85,121.80,337700,119.51
2010-09-01,120.40,122.35,120.05,121.95,328700,119.66
2010-08-31,120.50,121.30,118.95,120.05,214000,117.79
2010-08-30,121.00,121.40,117.75,120.60,599300,118.33
2010-08-27,120.00,123.40,118.10,118.70,423500,116.47
2010-08-26,122.10,122.90,119.15,121.60,999000,119.31
2010-08-25,124.70,124.70,121.25,121.50,262100,119.22
2010-08-24,103.70,126.50,103.70,124.80,306500,122.45
2010-08-23,124.50,126.50,123.65,125.85,391400,123.48
2010-08-20,122.70,125.85,122.00,124.55,639000,122.21
2010-08-19,123.00,123.40,121.35,122.70,186300,120.39
2010-08-18,121.50,123.30,120.25,121.45,277500,119.17
2010-08-17,122.80,122.80,120.60,121.55,247500,119.26
2010-08-16,123.50,124.30,120.30,122.30,301100,120.00
2010-08-13,122.10,123.80,122.05,122.30,271200,120.00
2010-08-12,123.60,126.45,120.25,122.00,701300,119.71
2010-08-11,126.50,128.90,124.55,124.90,364800,122.55
2010-08-10,131.00,131.75,127.55,128.30,738300,125.89
2010-08-09,127.90,131.30,127.90,130.40,1697700,127.95
2010-08-06,124.50,128.40,124.00,127.70,1060800,125.30
2010-08-05,125.00,125.80,124.50,125.05,404400,122.70
2010-08-04,124.90,126.50,123.60,124.40,592900,122.06
2010-08-03,125.35,125.90,123.40,124.30,852300,121.96
2010-08-02,122.90,125.05,121.50,124.80,845900,122.45
2010-07-30,117.75,121.95,117.60,121.25,594400,118.97
2010-07-29,120.40,121.90,117.60,118.10,676400,115.88
2010-07-28,121.50,121.70,119.25,120.00,345800,117.74
2010-07-27,121.00,122.10,120.20,120.50,329800,118.23
2010-07-26,123.45,123.45,120.00,120.40,391000,118.14
2010-07-23,124.50,124.80,122.10,122.60,276600,120.29
2010-07-22,123.50,124.85,123.15,123.50,764000,121.18
2010-07-21,122.00,124.90,121.20,123.75,906900,121.42
2010-07-20,122.90,123.30,121.45,121.45,308800,119.17
2010-07-19,121.05,122.85,121.00,121.85,234500,119.56
2010-07-16,122.00,123.25,121.50,122.20,286500,119.90
2010-07-15,123.20,124.30,120.45,121.50,695900,119.22
2010-07-14,123.50,126.60,122.55,123.10,1948100,120.79
2010-07-13,122.95,123.80,122.10,122.80,629200,120.49
2010-07-12,123.45,124.80,121.65,122.00,549400,119.71
2010-07-09,123.80,125.15,121.30,122.00,700700,119.71
2010-07-08,125.90,126.35,121.30,122.40,580800,120.10
2010-07-07,124.95,125.50,123.40,124.50,407700,122.16
2010-07-06,122.80,125.25,122.80,124.50,345200,122.16
2010-07-05,125.50,126.75,122.50,122.85,426600,120.54
2010-07-02,127.00,127.80,125.30,125.80,318000,123.43
2010-07-01,127.85,130.60,125.25,126.10,695600,123.73
2010-06-30,126.90,130.75,126.10,128.60,678900,126.18
2010-06-29,128.90,133.90,127.25,129.05,1962200,126.62
2010-06-28,127.00,129.70,126.55,129.10,650300,126.67
2010-06-25,126.10,128.65,125.50,125.90,323200,123.53
2010-06-24,128.10,129.50,126.00,126.60,515800,124.22
2010-06-23,126.75,128.80,126.00,128.20,381500,125.79
2010-06-22,128.70,129.75,125.55,126.90,679000,124.51
2010-06-21,127.00,130.50,125.10,128.00,2342300,125.59
2010-06-18,127.90,128.10,123.10,124.00,260800,121.67
2010-06-17,128.00,129.35,125.40,126.65,315900,124.27
2010-06-16,130.80,130.90,126.70,126.80,379100,124.42
2010-06-15,127.40,131.80,125.30,129.90,1507700,127.46
2010-06-14,126.00,127.70,125.50,126.05,851200,123.68
2010-06-11,120.30,126.00,120.10,124.80,1342100,122.45
2010-06-10,117.00,120.90,117.00,119.35,548000,117.11
2010-06-09,121.95,125.50,115.05,117.75,1168900,115.54
2010-06-08,119.15,125.80,118.55,121.35,1092400,119.07
2010-06-07,119.00,120.00,117.60,119.30,233900,117.06
2010-06-04,124.60,124.60,122.05,122.75,132300,120.44
2010-06-03,126.00,126.50,123.20,123.85,248000,121.52
2010-06-02,126.00,126.00,120.50,124.55,412100,122.21
2010-06-01,128.20,128.20,122.10,123.00,638300,120.69
2010-05-31,121.90,129.45,120.10,126.00,1776100,123.63
2010-05-28,124.40,125.35,120.00,120.45,466000,118.19
2010-05-27,122.95,124.50,121.30,123.15,715700,120.83
2010-05-26,112.00,122.40,111.70,120.00,1195500,117.74
2010-05-25,113.05,114.95,109.20,110.65,414600,108.57
2010-05-24,117.40,119.30,113.05,114.00,451100,111.86
2010-05-21,116.00,117.80,113.10,115.35,266900,113.18
2010-05-20,123.90,123.90,117.60,118.40,333100,116.17
2010-05-19,122.90,129.00,120.15,121.80,1017300,119.51
2010-05-18,119.65,124.80,119.25,120.00,300700,117.74
2010-05-17,118.00,120.85,115.25,120.30,244100,118.04
2010-05-14,125.00,125.90,119.20,120.50,321400,118.23
2010-05-13,127.00,128.40,125.10,125.50,231300,123.14
2010-05-12,129.00,129.00,124.40,125.30,334300,122.94
2010-05-11,129.40,129.70,125.15,125.25,234500,122.89
2010-05-10,128.00,130.15,127.50,128.45,351000,126.03
2010-05-07,127.00,129.70,125.10,126.70,303800,124.32
2010-05-06,134.00,134.00,128.55,130.20,326600,127.75
2010-05-05,122.55,134.50,122.50,133.95,565100,131.43
2010-05-04,134.50,134.80,128.65,129.30,431000,126.87
2010-05-03,136.00,136.60,133.35,134.45,316400,131.92
2010-04-30,135.50,138.45,135.20,137.50,305900,134.91
2010-04-29,133.50,135.90,133.25,135.45,429400,132.90
2010-04-28,137.10,138.40,131.50,132.30,574400,129.81
2010-04-27,138.55,140.35,138.10,138.20,182800,135.60
2010-04-26,140.20,140.95,139.00,139.45,222800,136.83
2010-04-23,139.20,141.45,138.65,138.80,286000,136.19
2010-04-22,140.50,142.10,139.00,139.20,488500,136.58
2010-04-21,141.55,143.45,140.10,140.10,303100,137.47
2010-04-20,140.95,142.65,139.65,142.55,309200,139.87
2010-04-19,139.00,140.35,137.50,139.50,376300,136.88
2010-04-16,141.55,142.95,138.75,141.80,355200,139.13
2010-04-15,143.90,145.50,141.80,143.10,323200,140.41
2010-04-13,143.00,143.95,141.60,143.00,330200,140.31
2010-04-12,143.05,144.45,142.15,142.60,341100,139.92
2010-04-09,144.50,145.85,142.75,143.70,330300,141.00
2010-04-08,145.50,146.70,142.70,143.90,370100,141.19
2010-04-07,149.80,149.80,145.00,146.40,486700,143.65
2010-04-06,147.00,149.85,147.00,147.70,948600,144.92
2010-04-05,146.10,147.30,144.25,145.80,457700,143.06
2010-04-01,143.00,145.50,141.55,145.10,621700,142.37
2010-03-31,143.00,143.45,140.00,142.05,420900,139.38
2010-03-30,142.00,144.90,141.55,141.80,694100,139.13
2010-03-29,141.85,145.00,140.30,141.70,546000,139.04
2010-03-26,141.55,143.45,139.55,140.00,410300,137.37
2010-03-25,142.50,142.95,139.85,140.60,500500,137.96
2010-03-23,143.50,145.40,141.55,141.70,564600,139.04
2010-03-22,146.00,147.90,141.35,141.75,811600,139.08
2010-03-19,151.00,152.80,147.05,148.45,1485900,145.66
2010-03-18,147.60,150.75,143.50,149.50,2043300,146.69
2010-03-17,141.00,147.60,140.50,146.40,2046000,143.65
2010-03-16,140.10,141.45,138.25,139.05,461000,136.44
2010-03-15,142.50,142.80,139.15,139.30,363700,136.68
2010-03-12,145.00,146.25,142.55,142.85,403200,140.16
2010-03-11,145.40,147.30,142.30,144.95,795400,142.22
2010-03-10,145.25,147.00,143.35,144.55,487000,141.83
2010-03-09,147.50,149.85,144.60,145.00,513600,142.27
2010-03-08,152.55,153.95,147.00,148.65,1038900,145.85
2010-03-05,150.90,153.90,150.00,151.30,1459100,148.45
2010-03-04,142.90,150.35,142.90,150.05,2248000,147.23
2010-03-03,142.00,144.65,141.20,142.35,763300,139.67
2010-03-02,139.10,142.50,139.10,141.40,584600,138.74
2010-02-26,138.15,142.35,135.80,137.70,1118500,135.11
2010-02-25,141.30,142.20,137.50,138.00,497000,135.41
2010-02-24,141.50,143.60,139.30,140.35,421400,137.71
2010-02-23,138.20,143.45,138.00,143.00,871500,140.31
2010-02-22,149.85,151.20,139.50,139.50,961600,136.88
2010-02-19,146.50,152.50,146.00,146.55,883200,143.79
2010-02-18,154.50,156.50,150.45,151.20,657200,148.36
2010-02-17,157.40,157.40,152.60,153.40,688700,150.52
2010-02-16,157.40,158.90,154.25,155.15,1231000,152.23
2010-02-15,155.10,158.50,153.30,153.35,1089800,150.47
2010-02-11,153.90,159.50,152.20,154.25,2345100,151.35
2010-01-19,172.50,187.30,171.45,178.00,6695000,174.65
2010-01-18,167.90,175.60,167.90,170.30,2783200,167.10
2010-01-15,164.90,175.00,164.25,169.10,3710600,165.92
2010-01-14,159.30,164.85,157.60,164.00,1253800,160.92
2010-01-13,156.00,158.70,153.45,158.70,580700,155.72
2010-01-12,163.20,164.40,155.05,157.45,788600,154.49
2010-01-11,165.25,165.75,161.05,162.05,761100,159.00
2010-01-08,167.90,172.90,162.50,163.25,3185800,160.18
2010-01-07,151.75,168.35,151.50,167.05,5265400,163.91
2010-01-06,154.40,154.40,151.10,152.30,467700,149.44
2010-01-05,152.60,155.20,151.80,153.50,774300,150.61
2010-01-04,149.65,154.50,147.75,152.50,950800,149.63
2009-12-31,152.50,154.70,146.10,148.85,910100,146.05
2009-12-30,151.00,153.65,149.05,151.55,1165500,148.70
2009-12-29,151.25,152.95,146.60,150.35,1333200,147.52
2009-12-24,148.60,151.70,145.20,150.10,1219600,147.28
2009-12-23,145.40,151.15,145.10,147.15,3972800,144.38
2009-12-22,139.45,145.25,138.90,144.50,1583500,141.78
2009-12-21,139.70,141.35,136.35,138.90,673500,136.29
2009-12-18,138.50,141.40,138.00,138.30,446300,135.70
2009-12-17,140.80,142.35,138.60,140.65,679300,138.01
2009-12-16,140.60,142.70,138.70,140.30,946400,137.66
2009-12-15,138.60,145.40,137.10,140.90,3355100,138.25
2009-12-14,139.80,140.05,136.60,138.70,410200,136.09
2009-12-11,141.70,142.60,137.40,139.90,983400,137.27
2009-12-10,139.00,140.55,138.10,140.00,413600,137.37
2009-12-09,139.00,142.85,138.80,140.00,712200,137.37
2009-12-08,137.75,143.75,137.05,140.40,1771000,137.76
2009-12-07,140.90,141.55,135.60,137.20,547500,134.62
2009-12-04,141.00,143.70,138.00,140.05,1114400,137.42
2009-12-03,143.45,145.75,140.00,140.75,1269000,138.10
2009-12-02,141.20,148.80,139.75,142.30,3469500,139.62
2009-12-01,140.50,142.80,137.00,140.00,3181200,137.37
2009-11-30,128.00,143.80,127.95,137.50,9148600,134.91
2009-11-27,128.65,128.65,121.25,125.60,1264100,123.24
2009-11-26,130.30,132.95,128.05,131.70,1596100,129.22
2009-11-25,129.50,134.70,128.70,131.00,2454500,128.54
2009-11-24,135.00,136.60,127.25,128.85,4760000,126.43
2009-11-23,113.60,137.45,113.60,135.50,10197000,132.95
2009-11-20,112.20,117.00,112.20,115.50,730000,113.33
2009-11-19,115.45,118.40,112.75,115.25,1061500,113.08
2009-11-18,118.00,120.85,115.00,115.20,2118300,113.03
2009-11-17,112.50,118.00,110.50,117.30,3050800,115.09
2009-11-16,112.00,113.90,110.50,111.60,788500,109.50
2009-11-13,107.85,111.80,107.70,109.50,672800,107.44
2009-11-12,110.40,110.75,106.40,107.45,388600,105.43
2009-11-11,109.05,111.45,107.70,109.70,947300,107.64
2009-11-10,108.05,110.40,107.30,108.00,1021100,105.97
2009-11-09,106.50,108.60,105.10,107.15,450400,105.14
2009-11-06,103.00,107.65,102.10,106.95,821200,104.94
2009-11-05,100.00,101.80,98.70,101.00,437600,99.10
2009-11-04,98.00,100.95,98.00,99.85,452800,97.97
2009-11-03,102.80,105.00,95.75,96.60,831900,94.78
2009-10-30,105.00,108.45,103.00,103.50,793900,101.55
2009-10-29,104.00,105.40,100.00,102.00,1036300,100.08
2009-10-28,106.20,108.00,103.10,107.70,628000,105.67
2009-10-27,111.00,114.20,105.35,106.20,1199400,104.20
2009-10-26,115.00,116.00,111.00,111.50,791000,109.40
2009-10-23,116.20,117.65,113.15,113.70,882300,111.56
2009-10-22,111.90,116.25,110.65,115.40,832000,113.23
2009-10-21,116.40,116.40,112.00,112.50,403000,110.38
2009-10-20,115.30,117.45,113.80,115.00,1076600,112.84
2009-10-16,112.10,116.50,111.40,113.85,1323900,111.71
2009-10-15,111.00,114.00,108.65,111.60,1218000,109.50
2009-10-14,108.00,110.60,108.00,109.45,682000,107.39
2009-10-12,108.00,109.45,106.10,106.45,480700,104.45
2009-10-09,110.50,111.10,107.00,107.30,400200,105.28
2009-10-08,112.00,112.00,109.00,109.10,369600,107.05
2009-10-07,110.00,112.90,108.60,109.65,590600,107.59
2009-10-06,111.50,112.50,106.65,108.95,641300,106.90
2009-10-05,112.50,114.00,110.00,110.05,590600,107.98
2009-10-01,117.00,117.60,114.00,114.55,1027100,112.40
2009-09-30,113.50,118.20,113.15,115.80,2895200,113.62
2009-09-29,108.90,115.00,108.00,113.75,1361700,111.61
2009-09-25,105.85,109.45,105.40,107.40,849500,105.38
2009-09-24,109.00,110.95,105.75,107.00,1324400,104.99
2009-09-23,114.40,114.80,110.05,110.15,493000,108.08
2009-09-22,113.20,115.75,111.25,113.50,997800,111.37
2009-09-18,113.70,115.30,112.10,112.60,757600,110.48
2009-09-17,112.90,116.30,111.50,112.70,1799800,110.58
2009-09-16,113.05,114.60,112.00,112.85,812200,108.77
2009-09-15,111.50,113.80,110.90,111.55,875200,107.51
2009-09-14,111.05,112.95,108.75,110.00,1072700,106.02
2009-09-11,112.60,114.80,108.00,113.05,1958900,108.96
2009-09-10,113.70,116.85,110.60,110.80,1118000,106.79
2009-09-09,114.95,116.90,111.00,112.15,1406100,108.09
2009-09-08,122.40,122.60,113.45,114.50,1844800,110.36
2009-09-07,111.80,122.85,111.10,120.85,5426200,116.48
2009-09-04,108.25,111.20,107.00,110.25,1125800,106.26
2009-09-03,106.40,109.90,104.05,107.80,1148100,103.90
2009-09-02,107.00,109.25,104.75,105.60,980700,101.78
2009-09-01,117.75,117.75,106.10,107.00,2300500,103.13
2009-08-31,111.30,118.40,108.00,115.95,3774700,111.75
2009-08-28,114.55,115.25,109.10,111.60,7143700,107.56
2009-08-27,97.75,115.35,96.85,113.45,11610900,109.34
2009-08-26,92.40,98.95,91.80,98.45,3488500,94.89
2009-08-25,92.50,93.00,90.30,91.30,405700,88.00
2009-08-24,93.40,94.40,91.50,91.85,648300,88.53
2009-08-17,87.50,88.75,83.10,84.25,502000,81.20
2009-08-14,91.60,94.95,88.65,89.55,557300,86.31
2009-08-13,92.00,92.70,90.30,91.50,777700,88.19
2009-08-12,82.50,91.90,82.50,91.00,1094800,87.71
2009-08-11,83.90,85.75,82.00,85.00,420400,81.92
2009-08-10,86.05,87.35,81.70,82.00,334300,79.03
2009-08-07,86.50,88.95,84.00,85.50,486500,82.41
2009-08-06,93.00,94.45,87.05,87.65,855800,84.48
2009-08-05,92.80,95.80,91.60,93.30,1020800,89.92
2009-08-04,90.90,94.60,90.70,91.95,779700,88.62
2009-08-03,90.50,91.40,89.00,90.30,505000,87.03
2009-07-31,93.75,94.50,89.10,90.40,560400,87.13
2009-07-30,93.00,93.40,91.55,93.20,385300,89.83
2009-07-29,94.00,97.40,88.85,93.00,1394400,89.63
2009-07-28,98.40,98.40,94.70,94.95,1267700,91.51
2009-07-27,93.40,97.75,92.95,96.80,2441200,93.30
2009-07-24,90.10,94.45,89.70,92.50,1961400,89.15
2009-07-23,92.00,92.90,87.50,89.50,1191600,86.26
2009-07-22,89.80,94.30,88.30,90.90,2498900,87.61
2009-07-21,87.10,91.75,86.70,88.40,2835100,85.20
2009-07-20,83.30,88.85,82.10,87.85,1674800,84.67
2009-07-17,85.00,87.90,82.05,82.80,2136700,79.80
2009-07-16,78.50,89.00,78.00,83.85,4325100,80.82
2009-07-15,73.00,78.85,72.65,76.75,2084700,73.97
2009-07-14,70.95,72.50,70.10,72.30,685200,69.68
2009-07-13,71.00,73.25,68.10,70.00,491200,67.47
2009-07-10,74.85,76.65,70.80,74.50,624300,71.80
2009-07-09,78.00,79.90,74.30,74.60,886900,71.90
2009-07-08,75.00,83.85,73.10,76.65,1779500,73.88
2009-07-07,81.70,81.70,75.25,77.75,705100,74.94
2009-07-06,88.50,89.90,78.60,39.85,736700,38.41
2009-07-03,90.25,91.90,86.00,86.90,1053100,83.75
2009-07-02,84.40,92.35,83.90,92.35,1813700,89.01
2009-07-01,83.00,85.00,81.15,83.50,321500,80.48
2009-06-30,85.00,88.40,82.40,83.50,737600,80.48
2009-06-29,86.00,86.35,84.00,84.15,393900,81.10
2009-06-26,83.90,86.00,82.05,85.85,838700,82.74
2009-06-25,84.80,85.80,81.60,82.85,553500,79.85
2009-06-24,85.00,85.95,81.25,83.20,778400,80.19
2009-06-23,76.90,86.65,74.25,84.00,1308500,80.96
2009-06-22,79.50,81.50,78.20,78.60,570200,75.76
2009-06-19,79.05,81.70,75.65,78.50,906900,75.66
2009-06-18,87.00,87.00,76.10,77.75,985000,74.94
2009-06-17,90.30,91.70,83.50,85.00,659300,81.92
2009-06-16,80.05,90.80,80.05,89.00,725500,85.78
2009-06-15,92.00,94.25,85.00,86.10,877500,82.98
2009-06-12,95.00,100.00,91.60,92.10,1691100,88.77
2009-06-11,90.00,97.40,88.00,93.55,1202600,90.16
2009-06-10,94.65,97.45,89.50,91.50,983100,88.19
2009-06-09,85.10,95.50,81.50,94.60,1399800,91.18
2009-06-08,100.65,100.95,89.95,89.95,855200,86.69
2009-06-05,102.65,104.00,98.30,99.00,3043700,95.42
2009-06-04,99.70,102.80,91.40,100.70,4400400,97.06
2009-06-03,90.35,99.10,89.65,99.10,3438700,95.51
2009-06-02,92.40,93.25,88.10,90.35,1059400,87.08
2009-06-01,91.50,93.25,89.85,91.30,1828500,88.00
2009-05-29,90.00,93.70,89.00,89.75,1345800,86.50
2009-05-28,93.25,93.55,87.50,88.90,929700,85.68
2009-05-27,91.00,94.35,89.50,91.70,1652400,88.38
2009-05-26,91.00,97.70,87.00,88.55,2207200,85.35
2009-05-25,88.90,92.00,88.00,89.65,934100,86.41
2009-05-22,86.60,90.20,85.55,88.50,704800,85.30
2009-05-21,89.90,93.70,85.10,86.80,1318100,83.66
2009-05-20,84.00,94.40,83.35,39.85,2127500,38.41
2009-05-19,83.70,93.50,66.45,84.60,2158100,81.54
2009-05-18,80.60,83.10,80.00,82.05,12100,79.08
2009-05-15,77.90,77.90,73.00,73.10,1814800,70.45
2009-05-14,65.45,77.85,64.00,74.50,4469800,71.80
2009-05-13,69.00,70.50,66.00,66.05,982900,63.66
2009-05-12,69.00,70.45,66.10,68.10,1200900,65.64
2009-05-11,72.00,72.85,66.95,70.10,1540200,67.56
2009-05-08,64.00,72.40,63.00,71.55,2146000,68.96
2009-05-07,64.30,66.00,62.40,39.85,1031200,38.41
2009-05-06,59.80,64.15,59.10,63.30,2892300,61.01
2009-05-05,55.00,59.10,54.00,58.20,705200,56.09
2009-05-04,54.00,55.60,53.10,54.65,286000,52.67
2009-04-29,53.00,53.80,52.00,52.50,165600,50.60
2009-04-28,55.00,55.35,51.15,52.15,172900,50.26
2009-04-27,55.90,57.95,54.30,54.95,472100,52.96
2009-04-24,54.50,57.15,54.50,55.30,495300,53.30
2009-04-23,54.70,56.00,53.20,55.00,419000,53.01
2009-04-22,57.90,60.10,52.55,54.15,832000,52.19
2009-04-21,55.80,60.40,55.15,57.00,1022700,54.94
2009-04-20,52.50,57.60,52.50,57.60,731500,55.52
2009-04-17,56.00,57.50,51.15,53.00,926000,51.08
2009-04-16,61.40,62.90,54.35,54.35,1368900,52.38
2009-04-15,55.00,64.05,52.70,39.85,4538400,38.41
2009-04-13,46.00,54.25,45.40,54.25,2386700,52.29
2009-04-09,47.00,47.90,44.00,44.65,601100,43.03
2009-04-08,41.55,46.90,41.35,46.20,1101400,44.53
2009-04-06,42.90,43.90,42.10,42.60,647000,41.06
2009-04-02,40.75,42.90,40.75,41.60,769600,40.09
2009-04-01,40.35,41.50,39.05,40.50,391900,39.03
2009-03-31,38.20,40.50,37.75,40.20,238600,38.75
2009-03-30,40.35,40.35,38.05,38.05,165400,36.67
2009-03-27,40.80,41.80,39.75,40.25,410900,38.79
2009-03-26,40.50,41.15,39.65,40.00,380600,38.55
2009-03-25,39.10,40.15,39.10,39.35,279100,37.93
2009-03-24,39.50,42.85,39.00,39.25,1272500,37.83
2009-03-23,38.00,40.35,38.00,38.25,572400,36.87
2009-03-20,39.70,41.20,38.10,38.25,1068100,36.87
2009-03-19,36.45,40.45,36.45,39.25,591300,37.83
2009-03-18,37.00,37.75,36.00,36.05,217600,34.75
2009-03-17,36.10,37.90,35.50,36.00,506500,34.70
2009-03-16,32.60,36.50,32.10,35.15,494800,33.88
2009-03-13,32.00,33.05,31.40,32.00,168500,30.84
2009-03-12,32.15,33.00,31.00,31.20,108100,30.07
2009-03-09,32.85,34.05,31.55,31.80,179700,30.65
2009-03-06,32.90,34.50,31.00,33.15,146300,31.95
2009-03-05,33.35,34.00,32.35,39.85,86900,38.41
2009-03-04,33.75,34.95,32.90,32.90,71900,31.71
2009-03-03,35.85,35.85,33.50,34.00,85900,32.77
2009-03-02,36.00,36.35,34.00,34.00,76900,32.77
2009-02-27,35.90,36.65,35.50,35.90,81100,34.60
2009-02-26,36.00,36.65,35.90,36.20,54600,34.89
2009-02-25,36.55,37.40,36.15,36.20,43500,34.89
2009-02-24,36.90,36.90,35.90,36.25,60700,34.94
2009-02-20,36.10,37.50,36.00,36.80,71500,35.47
2009-02-19,38.60,39.35,36.75,37.30,238200,35.95
2009-02-18,38.20,40.00,38.00,38.50,101500,37.11
2009-02-17,39.00,39.50,38.25,38.60,77800,37.20
2009-02-16,40.65,41.50,39.20,39.60,87900,38.17
2009-02-13,41.80,41.80,40.50,40.80,70000,39.32
2009-02-12,40.05,42.50,40.05,40.50,155900,39.03
2009-02-11,40.50,41.50,39.45,40.50,287000,39.03
2009-02-10,42.00,42.50,40.30,40.95,254100,39.47
2009-02-09,39.65,41.30,39.65,41.30,198200,39.81
2009-02-06,39.40,40.00,38.50,39.20,124000,37.78
2009-02-05,38.75,39.90,38.10,38.35,120600,36.96
2009-02-04,40.30,40.50,38.80,39.70,71300,38.26
2009-02-03,40.25,41.25,39.00,39.15,76700,37.73
2009-02-02,40.85,42.80,39.80,40.00,277300,38.55
2009-01-30,40.00,41.60,38.70,40.55,160100,39.08
2009-01-29,41.30,41.80,39.50,40.25,377200,38.79
2009-01-28,39.00,39.80,38.00,39.80,291200,38.36
2009-01-27,38.00,39.30,36.60,38.20,87500,36.82
2009-01-23,40.10,40.10,38.00,38.00,82800,36.62
2009-01-22,41.80,41.80,39.45,40.00,104400,38.55
2009-01-21,41.00,42.60,40.05,40.40,118300,38.94
2009-01-20,41.00,42.90,40.25,41.50,139200,40.00
2009-01-19,44.45,44.65,40.45,41.20,203000,39.71
2009-01-16,41.50,42.60,40.75,42.60,138800,41.06
2009-01-15,40.90,41.80,39.55,40.50,163500,39.03
2009-01-14,42.50,43.50,40.40,41.65,243500,40.14
2009-01-13,44.00,44.15,42.10,42.10,283700,40.58
2009-01-12,44.30,46.00,44.30,44.30,150500,42.70
2009-01-09,46.60,47.50,46.60,46.60,120100,44.91
2009-01-07,52.00,53.40,49.05,49.05,400100,47.27
2009-01-06,54.70,54.70,50.15,51.50,719800,49.64
2009-01-05,52.75,52.75,49.30,52.75,1522700,50.84
2009-01-02,46.40,50.20,44.75,50.20,1091300,48.38
2009-01-01,43.50,46.30,42.00,45.70,1006500,44.05
2008-12-31,44.00,45.75,42.10,42.15,611500,40.62
2008-12-30,42.95,44.60,41.25,43.75,781100,42.17
2008-12-29,38.10,42.10,38.05,42.10,300200,40.58
2008-12-26,40.45,41.95,38.20,38.75,318300,37.35
2008-12-24,38.00,41.70,36.15,39.75,437100,38.31
2008-12-23,41.10,42.00,38.20,38.85,503900,37.44
2008-12-22,45.20,45.20,42.05,42.80,416700,41.25
2008-12-19,44.00,47.00,44.00,44.80,423200,43.18
2008-12-18,43.45,46.00,40.30,44.90,746200,43.27
2008-12-17,47.00,50.45,42.60,43.00,1574000,41.44
2008-12-16,38.95,45.85,38.95,45.85,2050000,44.19
2008-12-15,32.50,38.20,32.35,38.20,790800,36.82
2008-12-12,30.00,32.20,29.70,31.95,235800,30.79
2008-12-11,31.30,33.20,30.55,30.90,453800,29.78
2008-12-10,31.45,32.15,30.10,31.15,242400,30.02
2008-12-08,31.45,32.75,30.65,30.90,270700,29.78
2008-12-05,31.25,32.50,30.00,30.20,362500,29.11
2008-12-04,29.15,31.50,29.15,31.00,671000,29.88
2008-12-03,26.95,31.30,26.20,28.50,897100,27.47
2008-12-02,26.00,26.70,25.10,26.05,150200,25.11
2008-12-01,27.00,28.50,26.50,26.50,209300,25.54
2008-11-28,28.20,29.45,26.15,26.85,194300,25.88
2008-11-26,30.25,30.70,27.55,28.00,329400,26.99
2008-11-25,32.60,32.80,29.50,30.00,138000,28.91
2008-11-24,33.00,33.70,31.50,31.95,174300,30.79
2008-11-21,33.00,34.50,31.50,33.00,378300,31.81
2008-11-20,35.00,35.00,30.95,34.70,114900,33.44
2008-11-19,38.00,38.10,34.90,35.05,154800,33.78
2008-11-18,39.50,39.50,37.90,38.45,107200,37.06
2008-11-17,43.60,44.40,39.50,39.60,131400,38.17
2008-11-14,45.05,46.45,43.00,43.00,47700,41.44
2008-11-12,44.00,45.75,43.20,44.05,62300,42.46
2008-11-11,48.00,48.50,44.60,45.30,224100,43.66
2008-11-10,45.90,48.25,44.05,47.80,210500,46.07
2008-11-07,43.00,45.90,42.50,43.80,146900,42.21
2008-11-06,45.40,46.00,43.00,43.50,169000,41.93
2008-11-05,50.10,52.65,46.05,46.50,155700,44.82
2008-11-04,44.00,50.15,44.00,48.50,187400,46.74
2008-11-03,52.00,54.00,49.60,50.00,236000,48.19
2008-10-31,45.00,50.60,43.80,50.00,114700,48.19
2008-10-29,49.75,50.90,42.80,44.00,148200,42.41
2008-10-28,42.00,47.45,41.80,46.40,62000,44.72
2008-10-27,42.00,43.00,37.15,39.40,213000,37.97
2008-10-24,48.00,50.00,43.50,44.65,108400,43.03
2008-10-23,48.00,49.85,47.00,47.65,76700,45.93
2008-10-22,50.15,52.00,48.60,50.00,117500,48.19
2008-10-21,48.00,52.35,48.00,52.35,112800,50.46
2008-10-20,51.00,51.00,45.50,48.50,150800,46.74
2008-10-17,50.00,53.80,45.25,46.00,229200,44.34
2008-10-16,41.20,57.80,41.20,51.00,415300,49.15
2008-10-15,101.00,102.50,96.00,96.50,139100,93.01
2008-10-14,104.00,111.00,101.80,103.00,225200,99.27
2008-10-13,100.40,104.90,97.00,102.00,142700,98.31
2008-10-10,101.00,103.00,93.00,95.80,194100,92.33
2008-10-08,109.20,110.50,102.50,107.60,235700,103.71
2008-10-07,115.25,124.90,109.15,113.35,206000,109.25
2008-10-06,125.00,127.00,116.20,118.00,239200,113.73
2008-10-03,142.00,148.00,127.25,129.60,306600,124.91
2008-10-01,143.80,148.10,136.00,146.00,279300,140.72
2008-09-30,124.00,144.95,124.00,143.55,499300,138.35
2008-09-29,132.05,138.50,120.25,134.90,499400,130.02
2008-09-26,140.00,146.50,131.50,131.50,471900,126.74
2008-09-25,152.70,155.60,138.00,142.45,557200,137.29
2008-09-24,156.00,162.60,150.30,152.00,459100,146.50
2008-09-23,168.00,174.40,153.95,155.10,778200,149.49
2008-09-22,151.50,175.80,149.60,167.00,929800,160.96
2008-09-19,151.00,152.85,142.00,150.00,294800,144.57
2008-09-18,138.95,149.60,132.00,148.00,251500,142.64
2008-09-17,159.95,163.90,143.00,144.50,253000,139.27
2008-09-16,152.00,157.90,145.30,154.50,334000,148.91
2008-09-15,168.00,168.00,151.05,157.60,291500,151.90
2008-09-12,184.10,186.50,167.95,168.15,356700,162.06
2008-09-11,184.00,190.40,182.80,183.70,268000,177.05
2008-09-10,186.10,196.00,183.00,186.45,454400,179.70
2008-09-09,190.90,194.00,186.60,188.15,253000,181.34
2008-09-08,205.00,205.00,190.55,191.60,323600,184.67
2008-09-05,200.00,218.45,192.25,194.50,844000,187.46
2008-09-04,241.00,241.00,198.00,208.00,834300,200.47
2008-09-02,247.40,248.00,240.60,242.00,62600,233.24
2008-09-01,248.60,248.60,244.25,244.35,29600,235.51
2008-08-29,250.00,250.00,247.05,249.00,34300,238.06
2008-08-28,248.10,249.30,245.00,246.05,37200,235.24
2008-08-27,251.00,251.50,244.00,245.10,35300,234.33
2008-08-26,246.05,254.35,246.05,248.90,42400,237.96
2008-08-25,259.00,259.00,250.60,251.10,48500,240.07
2008-08-22,256.15,259.50,252.05,254.00,59400,242.84
2008-08-21,256.35,265.80,255.15,257.00,173300,245.71
2008-08-20,259.85,263.85,256.10,258.10,63200,246.76
2008-08-19,260.00,262.00,255.10,255.70,50100,244.47
2008-08-18,257.00,267.90,255.05,260.90,234400,249.44
2008-08-14,253.00,263.00,243.50,258.00,325000,246.66
2008-08-13,244.00,264.00,242.55,253.85,397500,242.70
2008-08-12,259.00,262.00,246.25,248.10,141400,237.20
2008-08-11,260.00,267.05,255.90,258.00,144300,246.66
2008-08-08,257.00,264.50,255.05,257.00,104900,245.71
2008-08-07,256.00,266.00,252.05,258.80,76600,247.43
2008-08-06,274.00,274.95,256.05,258.70,113200,247.33
2008-08-05,276.00,279.00,266.50,268.50,227700,256.70
2008-08-04,274.50,284.95,270.10,274.00,267900,261.96
2008-08-01,247.55,277.90,247.00,276.00,370000,263.87
2008-07-31,254.00,256.00,248.00,253.00,66600,241.88
2008-07-30,250.00,253.90,245.05,253.50,83700,242.36
2008-07-29,247.00,256.90,242.00,244.00,114700,233.28
2008-07-28,248.00,256.80,247.00,251.00,182400,239.97
2008-07-25,235.00,251.80,233.00,246.00,181100,235.19
2008-07-24,245.00,245.00,234.25,237.70,216200,227.26
2008-07-23,259.90,263.00,243.50,246.50,194700,235.67
2008-07-22,235.15,249.85,233.10,248.30,108100,237.39
2008-07-21,230.00,239.70,219.95,235.00,114300,224.68
2008-07-18,230.85,232.50,223.15,225.95,94500,216.02
2008-07-17,230.00,232.00,222.50,227.00,94000,217.03
2008-07-16,240.00,245.00,220.05,223.00,99300,213.20
2008-07-15,245.00,257.85,237.00,237.00,152000,226.59
2008-07-14,250.05,261.00,249.05,251.50,70500,240.45
2008-07-11,264.00,271.50,252.00,255.00,169400,243.80
2008-07-10,244.00,264.95,241.05,263.00,254700,251.45
2008-07-09,225.00,251.00,225.00,245.00,169400,234.24
2008-07-08,235.00,236.00,225.00,232.50,119500,222.29
2008-07-07,245.30,254.30,237.60,239.15,73200,228.64
2008-07-04,244.00,247.00,241.05,243.00,56000,232.32
2008-07-03,260.00,260.00,241.50,243.00,117500,232.32
2008-07-02,245.00,264.70,245.00,262.95,146900,251.40
2008-07-01,244.00,251.85,240.55,243.00,100500,232.32
2008-06-30,252.00,254.00,245.00,247.00,124300,236.15
2008-06-27,258.00,262.00,250.10,252.00,76700,240.93
2008-06-26,269.95,274.00,263.50,263.60,89900,252.02
2008-06-25,252.00,275.50,250.00,264.90,360700,253.26
2008-06-24,250.00,271.95,250.00,255.70,323100,244.47
2008-06-23,262.00,266.95,250.50,251.40,134300,240.35
2008-06-20,292.00,294.50,265.00,270.00,235100,258.14
2008-06-19,305.00,311.30,285.00,286.50,756200,273.91
2008-06-18,294.10,324.00,291.50,302.60,1102200,289.31
2008-06-17,289.00,296.80,289.00,292.20,55900,279.36
2008-06-16,295.00,300.90,286.00,290.00,76100,277.26
2008-06-13,284.30,303.80,281.00,287.35,246400,274.73
2008-06-12,282.00,282.00,270.10,280.30,87700,267.99
2008-06-11,289.00,292.00,284.10,289.00,136700,276.30
2008-06-10,280.25,293.90,276.00,283.00,324600,270.57
2008-06-06,251.00,254.80,246.00,251.05,46800,240.02
2008-06-05,247.00,252.00,240.65,246.05,51800,235.24
2008-06-04,258.50,260.90,245.00,248.00,66200,237.10
2008-06-03,250.00,261.90,244.00,261.00,78500,249.53
2008-06-02,270.00,270.00,250.00,252.00,66200,240.93
2008-05-30,265.50,272.00,255.30,264.00,92800,252.40
2008-05-29,266.10,271.50,252.00,258.30,111900,246.95
2008-05-28,275.00,276.00,264.10,269.00,65600,257.18
2008-05-27,281.90,285.00,270.00,271.90,59300,259.95
2008-05-26,284.00,284.00,275.05,275.05,70100,262.97
2008-05-23,300.00,300.00,287.05,288.65,53400,275.97
2008-05-22,287.00,300.00,287.00,295.00,76400,282.04
2008-05-21,295.00,309.00,284.95,302.00,110900,288.73
2008-05-20,298.00,305.00,276.00,291.00,259500,278.21
2008-05-16,307.00,316.75,303.00,309.95,183500,296.33
2008-05-15,309.85,311.00,301.10,302.55,36700,289.26
2008-05-14,296.00,306.90,295.05,304.45,58700,291.07
2008-05-13,308.50,309.40,295.65,300.00,72700,286.82
2008-05-12,303.10,307.40,288.00,301.95,100000,288.68
2008-05-09,319.00,326.45,306.65,308.00,187200,294.47
2008-05-08,320.90,323.70,314.10,317.00,150400,303.07
2008-05-07,323.95,324.80,318.00,323.45,252500,309.24
2008-05-06,330.00,331.00,319.05,321.50,193000,307.37
2008-05-05,340.00,346.30,325.25,326.15,417300,311.82
2008-05-02,325.95,342.00,316.05,336.50,558600,321.72
2008-04-30,327.00,327.00,318.05,319.15,365000,305.13
2008-04-29,325.00,329.30,319.00,324.00,466500,309.77
2008-04-28,326.00,331.00,321.10,328.95,63000,314.50
2008-04-25,324.00,328.00,316.30,324.00,68400,309.77
2008-04-24,333.90,336.00,318.10,320.00,118800,305.94
2008-04-23,337.00,339.50,327.00,330.95,91000,316.41
2008-04-22,337.10,343.00,334.25,336.00,80200,321.24
2008-04-21,341.15,352.00,338.00,340.50,159800,325.54
2008-04-17,339.95,342.40,333.80,338.90,108400,324.01
2008-04-16,328.95,343.95,326.00,333.00,273000,318.37
2008-04-15,316.00,338.00,311.05,323.00,238100,308.81
2008-04-11,308.90,321.00,305.20,318.80,221100,304.79
2008-04-10,305.00,315.95,300.05,304.60,142100,291.22
2008-04-09,298.00,311.85,298.00,304.10,159800,290.74
2008-04-08,281.00,322.00,276.10,298.90,528000,285.77
2008-04-07,270.00,292.90,260.05,280.50,150900,268.18
2008-04-04,280.00,285.00,270.00,273.00,39600,261.01
2008-04-03,285.00,285.00,271.00,278.00,28200,265.79
2008-04-02,286.00,292.00,277.55,280.00,123900,267.70
2008-04-01,295.00,301.95,271.00,274.00,130400,261.96
2008-03-31,300.05,310.00,287.25,292.00,108200,279.17
2008-03-28,287.95,309.00,287.95,298.70,143600,285.58
2008-03-27,238.00,297.90,238.00,284.05,92800,271.57
2008-03-26,295.00,310.00,274.00,291.30,275600,278.50
2008-03-25,245.00,286.60,245.00,286.60,163900,274.01
2008-03-19,275.00,308.00,247.80,255.10,98700,243.89
2008-03-18,280.00,289.00,266.00,266.80,123200,255.08
2008-03-14,324.95,329.15,303.95,307.00,124000,293.51
2008-03-13,338.00,339.90,313.25,313.25,75500,299.49
2008-03-12,364.40,377.50,342.00,342.00,104300,326.97
2008-03-11,326.00,349.90,321.75,342.90,237900,327.83
2008-03-10,350.00,350.00,286.25,332.40,134600,317.80
2008-03-07,360.00,364.00,354.25,354.25,63000,338.69
2008-03-05,380.00,380.00,361.60,375.00,89500,358.52
2008-03-04,400.00,400.00,380.40,380.40,32700,363.69
2008-03-03,405.00,411.85,400.40,400.40,47900,382.81
2008-02-29,425.00,427.00,402.05,411.00,128300,392.94
2008-02-28,430.05,440.00,421.00,423.00,104100,404.42
2008-02-27,425.00,436.80,419.00,436.80,123800,417.61
2008-02-26,412.80,420.00,399.00,412.00,86400,393.90
2008-02-25,410.00,419.00,397.00,399.90,29800,382.33
2008-02-22,410.95,418.00,405.90,410.00,38300,391.99
2008-02-21,434.90,434.90,406.00,417.00,59200,398.68
2008-02-20,434.80,434.80,419.00,422.00,104200,403.46
2008-02-19,431.00,442.20,424.00,428.00,92400,409.20
2008-02-18,421.00,421.10,407.10,421.10,72200,402.60
2008-02-15,381.95,401.05,380.80,401.05,51100,383.43
2008-02-14,371.00,381.95,371.00,381.95,44300,365.17
2008-02-13,376.90,388.90,356.00,367.00,73800,350.88
2008-02-12,371.00,380.95,370.95,370.95,23000,354.65
2008-02-11,411.00,411.00,390.45,390.45,14200,373.30
2008-02-08,432.00,438.50,410.75,410.75,59300,392.70
2008-02-07,439.00,452.00,430.00,431.05,162200,412.11
2008-02-06,423.00,450.00,422.20,439.90,125700,420.57
2008-02-05,446.15,446.15,432.00,442.10,231300,422.68
2008-02-04,424.90,424.90,424.90,424.90,4400,406.23
2008-02-01,404.65,404.65,404.60,404.65,13200,386.87
2008-01-31,385.35,385.35,375.00,385.35,21500,368.42
2008-01-30,385.05,395.00,365.30,365.30,71700,349.25
2008-01-29,400.00,400.00,379.00,387.00,28000,370.00
2008-01-28,365.00,382.20,360.00,382.20,54200,365.41
2008-01-25,351.00,364.00,339.75,364.00,81500,348.01
2008-01-24,390.00,392.30,342.10,347.40,122300,332.14
2008-01-23,390.00,400.00,335.05,360.50,124800,344.66
2008-01-22,372.00,390.00,371.95,371.95,37000,355.61
2008-01-21,458.00,462.60,413.25,413.25,112600,395.09
2008-01-18,489.90,489.90,450.00,457.10,52900,437.02
2008-01-17,468.00,503.00,458.00,489.95,101600,468.42
2008-01-16,469.00,469.00,455.00,464.90,68800,444.47
2008-01-15,488.20,488.20,468.00,468.00,46400,447.44
2008-01-14,485.00,490.00,473.05,484.35,193100,463.07
2008-01-11,487.00,489.95,470.10,476.50,62500,455.57
2008-01-10,496.80,500.00,480.00,492.00,197400,470.38
2008-01-09,499.00,510.00,472.00,490.00,176800,468.47
2008-01-08,495.00,519.00,492.00,499.00,418000,477.08
2008-01-07,489.90,501.00,479.00,490.00,199200,468.47
2008-01-04,498.00,510.00,485.00,486.00,154300,464.65
2008-01-03,497.00,500.00,490.00,494.60,71700,472.87
2008-01-02,519.95,522.00,496.00,501.00,190300,478.99
2008-01-01,525.95,525.95,495.00,515.20,96100,492.56
2007-12-31,510.00,528.50,510.00,518.10,193500,495.34
2007-12-28,484.80,508.00,476.00,507.05,182200,484.77
2007-12-27,486.00,489.35,475.00,475.00,91500,454.13
2007-12-26,497.80,497.80,479.00,485.00,329200,463.69
2007-12-24,472.55,482.70,472.55,482.70,151000,461.49
2007-12-20,473.90,474.00,455.00,462.50,55900,442.18
2007-12-19,474.90,480.00,462.30,470.00,82500,449.35
2007-12-18,462.00,478.00,445.00,467.90,111900,447.34
2007-12-17,475.00,486.80,460.10,465.55,91200,445.10
2007-12-14,486.00,494.95,477.65,478.00,136700,457.00
2007-12-13,480.15,507.00,480.15,488.05,240600,466.61
2007-12-12,490.00,498.00,475.00,483.00,113900,461.78
2007-12-11,499.80,499.90,486.00,490.00,67800,468.47
2007-12-10,505.00,513.80,487.00,488.00,84000,466.56
2007-12-07,515.00,526.85,485.05,501.90,142200,479.85
2007-12-06,535.00,546.10,500.00,505.00,174000,482.81
2007-12-05,534.40,549.50,516.00,523.00,252800,500.02
2007-12-04,505.00,523.60,499.00,523.60,185700,500.60
2007-12-03,481.00,501.00,481.00,501.00,114700,478.99
2007-11-30,490.00,490.00,471.25,475.00,68500,454.13
2007-11-29,508.00,508.00,468.10,476.00,96800,455.09
2007-11-28,475.20,490.90,456.05,482.00,159700,460.82
2007-11-27,499.00,499.00,465.00,467.00,100000,446.48
2007-11-26,470.00,507.15,470.00,487.70,145700,466.27
2007-11-23,482.80,521.70,482.75,483.00,143400,461.78
2007-11-22,520.00,534.90,508.15,508.15,105500,485.82
2007-11-21,578.00,579.90,534.90,534.90,144100,511.40
2007-11-20,597.65,597.70,557.50,562.25,197900,537.55
2007-11-19,563.00,586.80,551.00,586.80,230100,561.02
2007-11-16,575.00,585.00,555.00,563.90,137800,539.13
2007-11-15,580.50,592.00,572.00,575.35,133300,550.07
2007-11-14,610.00,615.00,573.15,581.00,252600,555.47
2007-11-13,610.00,622.00,585.00,593.00,423700,566.95
2007-11-12,623.40,632.35,573.10,608.80,1129300,582.05
2007-11-09,594.70,602.20,585.00,602.20,75400,575.74
2007-11-08,571.30,579.30,525.00,579.30,472700,553.85
